Feature,Coefficient,Absolute_Coefficient
cat__Material_Availability_Low,1.1129984388182712,1.1129984388182712
cat__Material_Availability_High,-0.8770295316277074,0.8770295316277074
cat__Weather_Risk_High,0.7803344079146269,0.7803344079146269
cat__Equipment_Availability_Low,0.7721003003515093,0.7721003003515093
cat__Project_Complexity_High,0.7122591918491458,0.7122591918491458
cat__Supplier_Delay_Yes,0.6824800691426155,0.6824800691426155
cat__Supplier_Delay_No,-0.6802362428879783,0.6802362428879783
cat__High_Safety_Risk_Yes,0.6485282576997514,0.6485282576997514
cat__High_Safety_Risk_No,-0.6462844314451277,0.6462844314451277
cat__Low_Progress_Flag_Yes,0.5964432541985497,0.5964432541985497
cat__Low_Progress_Flag_No,-0.5941994279439141,0.5941994279439141
cat__Weather_Risk_Medium,-0.5928870676915643,0.5928870676915643
cat__Cost_Overrun_Flag_Yes,0.4860177846526148,0.4860177846526148
cat__Cost_Overrun_Flag_No,-0.48377395839798826,0.48377395839798826
cat__Project_Complexity_Low,-0.42358625535390004,0.42358625535390004
cat__High_Operational_Risk_Yes,0.4172119721959497,0.4172119721959497
cat__High_Operational_Risk_No,-0.41496814594132725,0.41496814594132725
cat__Equipment_Availability_High,-0.3904218388004489,0.3904218388004489
cat__Equipment_Availability_Medium,-0.3794346352964256,0.3794346352964256
cat__Region_Bejaia,0.34049706919375866,0.34049706919375866
cat__Region_Batna,-0.32863358008941596,0.32863358008941596
num__Planned_Duration_Months,0.31951355521385083,0.31951355521385083
cat__Project_Complexity_Medium,-0.28642911024062045,0.28642911024062045
cat__Project_Type_Housing,-0.26359212900908885,0.26359212900908885
cat__Project_Type_Pipeline,0.24544385337551797,0.24544385337551797
cat__Material_Availability_Medium,-0.23372508093592786,0.23372508093592786
cat__Region_Ouargla,0.21279976514311508,0.21279976514311508
cat__Region_Alger,0.2097165005777827,0.2097165005777827
cat__Weather_Risk_Low,-0.18520351396843754,0.18520351396843754
cat__Region_Constantine,0.18248846732899868,0.18248846732899868
cat__Low_Resource_Availability_Yes,0.15760087727022054,0.15760087727022054
cat__Region_Djelfa,-0.15556574184561947,0.15556574184561947
cat__Low_Resource_Availability_No,-0.1553570510155892,0.1553570510155892
cat__Project_Type_Bridge,0.15333672435594964,0.15333672435594964
cat__Region_Tlemcen,-0.15109964726881198,0.15109964726881198
num__Safety_Incidents,-0.14118029092228052,0.14118029092228052
cat__Region_Blida,-0.138334230422273,0.138334230422273
cat__Region_Oran,-0.12471880288556954,0.12471880288556954
num__Cost_Used_Percent,0.11934737630153526,0.11934737630153526
cat__Project_Type_Industrial Site,-0.10770573855447246,0.10770573855447246
cat__Project_Type_Building,-0.07230815673601415,0.07230815673601415
cat__Project_Type_Road,0.04706927282274018,0.04706927282274018
cat__Region_Mostaganem,-0.03934029550924204,0.03934029550924204
num__Project_Progress_Percent,-0.036782596738865234,0.036782596738865234
cat__Region_Annaba,-0.02876224713551627,0.02876224713551627
cat__Region_Setif,0.02319656916742331,0.02319656916742331
num__Budget_Million_DZD,0.016989768622704102,0.016989768622704102
num__Number_of_Workers,0.010374356163757524,0.010374356163757524
