Project_ID,Project_Type,Region,Planned_Duration_Months,Project_Progress_Percent,Budget_Million_DZD,Cost_Used_Percent,Number_of_Workers,Material_Availability,Equipment_Availability,Weather_Risk,Supplier_Delay,Project_Complexity,Safety_Incidents,Delay_Risk
PRJ_0001,Building,Mostaganem,17,68,4684.52,94.17,44,Medium,High,Medium,No,Medium,1,No
PRJ_0002,Industrial Site,Annaba,47,95,2732.85,23.61,757,Low,High,Low,No,Medium,1,No
PRJ_0003,Housing,Constantine,43,55,4701.27,129.63,76,Medium,Medium,High,No,Medium,1,Yes
PRJ_0004,Pipeline,Annaba,23,54,1141.39,32.01,199,Medium,High,High,Yes,High,1,No
PRJ_0005,Road,Blida,40,10,3642.34,81.3,251,Low,High,Low,No,Medium,1,Yes
PRJ_0006,Road,Alger,35,63,3105.38,59.36,362,Low,High,Low,No,Low,1,No
PRJ_0007,Road,Tlemcen,29,19,3710.07,25.17,496,Medium,Medium,Low,Yes,Medium,1,No
PRJ_0008,Housing,Blida,47,34,1112.61,13.34,595,Medium,High,Low,No,Medium,1,No
PRJ_0009,Pipeline,Ouargla,35,46,3341.72,84.73,474,Low,High,High,Yes,High,0,Yes
PRJ_0010,Pipeline,Ouargla,19,41,2515.3,106.81,251,Low,High,Low,Yes,High,1,Yes
PRJ_0011,Road,Annaba,11,46,3726.98,111.04,308,High,Low,Low,Yes,Medium,0,Yes
PRJ_0012,Industrial Site,Bejaia,8,39,1668.87,67.93,232,Medium,Medium,High,No,Low,3,No
PRJ_0013,Housing,Oran,21,91,4455.78,103.29,277,Low,Medium,High,Yes,Medium,0,Yes
PRJ_0014,Road,Bejaia,12,10,467.29,90.74,549,High,Low,Medium,Yes,Medium,1,Yes
PRJ_0015,Road,Mostaganem,19,72,4045.59,96.91,706,High,High,Medium,No,High,1,No
PRJ_0016,Road,Batna,14,22,4313.53,69.11,248,Medium,Low,Medium,No,Low,3,No
PRJ_0017,Building,Djelfa,20,77,4095.4,86.01,245,Medium,Low,High,No,Low,1,No
PRJ_0018,Bridge,Bejaia,26,33,2588.0,106.66,615,Low,High,Medium,Yes,Low,2,Yes
PRJ_0019,Bridge,Djelfa,40,81,2220.01,57.75,454,Low,Medium,Medium,No,Medium,1,Yes
PRJ_0020,Building,Djelfa,7,63,4981.5,106.72,777,Medium,Low,Low,Yes,High,1,Yes
PRJ_0021,Pipeline,Tlemcen,32,51,1184.4,81.04,421,Low,Medium,Low,No,Low,1,Yes
PRJ_0022,Road,Alger,7,21,2757.04,29.91,641,Medium,Medium,Medium,Yes,Medium,2,Yes
PRJ_0023,Building,Tlemcen,40,100,3369.84,12.96,785,High,Low,High,No,Medium,3,Yes
PRJ_0024,Building,Djelfa,23,26,3519.29,53.53,107,High,High,High,No,Medium,1,No
PRJ_0025,Bridge,Blida,19,72,1059.92,75.6,603,Low,Medium,High,No,Medium,1,No
PRJ_0026,Housing,Ouargla,25,73,3287.27,110.78,561,Medium,Medium,Medium,No,High,1,No
PRJ_0027,Road,Djelfa,23,41,4100.93,25.3,703,Medium,Medium,Medium,No,Low,0,No
PRJ_0028,Bridge,Tlemcen,15,53,297.59,106.02,328,High,Medium,High,No,Medium,2,Yes
PRJ_0029,Pipeline,Blida,30,17,4562.03,113.56,362,Medium,Medium,Medium,No,Low,2,Yes
PRJ_0030,Road,Tlemcen,7,38,196.05,28.08,455,Low,Medium,Low,Yes,Medium,1,Yes
PRJ_0031,Pipeline,Bejaia,30,90,1812.06,112.19,196,Low,Medium,Medium,Yes,High,0,Yes
PRJ_0032,Road,Constantine,38,57,128.28,128.97,158,Medium,High,High,No,Low,0,No
PRJ_0033,Road,Annaba,41,91,431.87,97.22,213,Medium,Low,Low,No,Low,2,No
PRJ_0034,Industrial Site,Oran,36,55,4560.28,104.17,205,High,Medium,High,No,Medium,1,No
PRJ_0035,Industrial Site,Batna,19,7,1806.56,129.33,237,Medium,High,Low,Yes,Medium,0,Yes
PRJ_0036,Housing,Tlemcen,6,46,2152.62,82.66,183,Medium,Low,Medium,No,Medium,2,No
PRJ_0037,Building,Oran,21,36,1115.95,46.95,180,Medium,Low,Medium,No,Low,3,Yes
PRJ_0038,Road,Setif,8,55,3005.62,110.5,544,Low,Medium,Medium,No,Low,1,No
PRJ_0039,Pipeline,Tlemcen,40,89,2994.28,83.74,620,High,Medium,Low,Yes,Medium,2,No
PRJ_0040,Bridge,Constantine,46,50,1892.39,79.74,61,High,Low,High,No,Low,1,No
PRJ_0041,Road,Oran,11,25,1698.52,40.44,229,High,Medium,Medium,Yes,High,0,No
PRJ_0042,Bridge,Batna,30,48,4430.57,100.76,760,High,Medium,Low,No,Low,1,No
PRJ_0043,Road,Djelfa,18,15,1947.26,19.8,294,Low,Medium,Medium,No,Medium,0,No
PRJ_0044,Industrial Site,Tlemcen,39,72,2492.83,120.91,298,Low,Medium,Low,No,Low,3,Yes
PRJ_0045,Building,Alger,13,5,1452.36,49.1,270,Medium,Medium,Low,No,Low,1,Yes
PRJ_0046,Pipeline,Annaba,26,96,3944.51,25.33,329,High,High,Low,No,Medium,1,No
PRJ_0047,Building,Constantine,39,67,2017.37,63.08,739,Low,High,High,No,Medium,2,Yes
PRJ_0048,Bridge,Mostaganem,9,28,2592.37,15.1,159,Low,High,Medium,No,Low,1,Yes
PRJ_0049,Bridge,Mostaganem,30,17,1304.12,92.16,565,High,Medium,Medium,No,Low,0,No
PRJ_0050,Road,Oran,20,15,4938.91,118.32,549,Low,Medium,Low,No,Low,4,Yes
PRJ_0051,Industrial Site,Constantine,9,55,1492.9,110.47,76,Medium,Medium,Low,Yes,Medium,1,No
PRJ_0052,Housing,Blida,17,21,3865.18,25.28,131,Medium,Low,High,No,Medium,1,No
PRJ_0053,Industrial Site,Batna,37,86,2166.1,25.15,24,Low,Low,Medium,No,Low,0,Yes
PRJ_0054,Housing,Annaba,37,90,1070.78,107.61,429,Low,Medium,High,No,Medium,2,Yes
PRJ_0055,Pipeline,Djelfa,33,28,4008.61,120.91,433,High,Medium,Low,No,Medium,1,Yes
PRJ_0056,Industrial Site,Tlemcen,18,23,1701.35,65.28,201,Medium,Medium,Low,No,High,0,Yes
PRJ_0057,Road,Tlemcen,36,41,4332.71,69.88,32,High,High,High,No,High,1,Yes
PRJ_0058,Road,Mostaganem,19,89,4580.52,48.19,358,Medium,Low,Medium,No,Low,1,No
PRJ_0059,Road,Tlemcen,25,12,4306.13,117.31,278,Low,Low,Low,No,Low,0,No
PRJ_0060,Building,Annaba,23,32,223.29,87.39,109,High,Low,Low,Yes,Low,2,No
PRJ_0061,Building,Alger,34,9,3947.5,44.59,635,Medium,Medium,High,No,Medium,5,Yes
PRJ_0062,Building,Setif,11,21,2086.13,45.85,717,Low,Medium,Medium,No,High,3,Yes
PRJ_0063,Housing,Ouargla,37,40,4374.93,116.94,269,High,Medium,Medium,No,Medium,1,No
PRJ_0064,Building,Bejaia,34,23,3207.87,11.64,274,Low,Medium,Low,No,Low,1,Yes
PRJ_0065,Building,Oran,48,68,4176.53,48.73,607,Medium,High,Low,Yes,Medium,2,No
PRJ_0066,Bridge,Alger,7,95,2522.19,76.52,127,Low,High,High,No,Low,0,Yes
PRJ_0067,Road,Djelfa,28,15,2698.38,27.79,687,Medium,High,Low,No,Low,1,No
PRJ_0068,Housing,Mostaganem,24,58,764.72,21.05,613,Medium,High,Medium,No,Medium,0,No
PRJ_0069,Road,Oran,36,49,3930.74,107.83,608,Medium,Medium,High,No,Low,2,No
PRJ_0070,Industrial Site,Tlemcen,10,51,2125.98,117.33,504,High,Low,Low,No,Low,1,No
PRJ_0071,Housing,Constantine,24,16,2525.4,108.83,277,High,Low,Low,No,Medium,1,No
PRJ_0072,Road,Djelfa,39,25,3936.23,117.85,658,Low,Low,Medium,No,Low,3,Yes
PRJ_0073,Road,Oran,15,15,3014.28,76.37,301,Low,Medium,Medium,No,Low,2,No
PRJ_0074,Housing,Batna,30,96,1045.44,107.47,107,Low,High,Medium,No,Low,0,No
PRJ_0075,Pipeline,Tlemcen,7,9,2971.65,56.09,223,Low,Medium,Low,No,High,2,No
PRJ_0076,Housing,Oran,16,85,2067.78,89.95,35,Medium,Low,Medium,No,Medium,0,No
PRJ_0077,Housing,Constantine,36,60,2374.15,128.66,170,High,Medium,Medium,Yes,Low,2,No
PRJ_0078,Road,Batna,20,24,190.14,37.09,273,High,High,Medium,No,Medium,0,No
PRJ_0079,Building,Tlemcen,14,45,1089.65,56.79,207,Low,Medium,Low,No,Low,2,Yes
PRJ_0080,Road,Setif,28,50,1441.14,67.61,348,Medium,High,Medium,No,Medium,0,No
PRJ_0081,Housing,Alger,24,16,3579.15,26.56,563,Medium,High,High,No,Medium,1,No
PRJ_0082,Pipeline,Blida,14,74,106.89,19.72,416,Low,High,Medium,No,High,2,No
PRJ_0083,Building,Mostaganem,40,21,2073.45,109.57,536,Medium,High,Medium,Yes,Medium,1,Yes
PRJ_0084,Road,Bejaia,26,23,4623.93,127.22,478,High,High,Medium,Yes,High,0,Yes
PRJ_0085,Building,Annaba,14,30,603.81,58.57,349,Medium,Medium,High,No,High,2,No
PRJ_0086,Building,Mostaganem,33,52,2606.3,20.52,188,High,Low,High,No,High,0,Yes
PRJ_0087,Housing,Bejaia,12,56,3943.29,17.9,712,Medium,Medium,Low,No,Medium,0,No
PRJ_0088,Pipeline,Djelfa,21,100,4715.53,116.96,385,Low,Low,Low,No,Medium,0,Yes
PRJ_0089,Housing,Bejaia,21,74,3746.54,65.66,197,Medium,High,Low,Yes,Medium,1,No
PRJ_0090,Bridge,Tlemcen,38,59,3616.8,48.4,674,Medium,Medium,Low,No,Low,1,No
PRJ_0091,Road,Setif,9,79,4141.12,67.18,381,Low,High,Low,No,Low,2,Yes
PRJ_0092,Pipeline,Blida,9,37,2258.7,48.2,779,Medium,Medium,High,No,Medium,0,Yes
PRJ_0093,Housing,Alger,44,66,4038.93,68.68,658,High,Medium,Low,No,Medium,0,No
PRJ_0094,Pipeline,Alger,45,92,89.42,113.15,794,Medium,High,Medium,Yes,High,2,Yes
PRJ_0095,Housing,Constantine,22,27,4626.58,81.08,59,Medium,Medium,Medium,No,Low,2,No
PRJ_0096,Bridge,Annaba,42,19,2244.37,93.36,435,High,Medium,Low,No,Low,3,No
PRJ_0097,Bridge,Oran,44,31,2789.23,53.76,374,High,Low,High,No,Medium,1,Yes
PRJ_0098,Bridge,Setif,34,79,1311.67,98.62,274,High,Medium,High,Yes,Medium,0,No
PRJ_0099,Road,Oran,41,68,3725.53,89.99,162,Low,Medium,Medium,Yes,Low,2,Yes
PRJ_0100,Road,Blida,43,85,429.35,24.35,771,High,Medium,Low,No,High,2,No
PRJ_0101,Road,Bejaia,44,55,4369.55,78.72,759,Low,Medium,Low,No,Medium,1,No
PRJ_0102,Pipeline,Alger,42,57,4149.18,40.81,729,Medium,High,Medium,No,Medium,3,No
PRJ_0103,Building,Blida,40,82,1119.5,106.49,596,Low,High,Low,No,High,1,Yes
PRJ_0104,Bridge,Bejaia,12,95,4056.16,61.11,30,Medium,Medium,Medium,No,Medium,1,No
PRJ_0105,Industrial Site,Alger,32,86,3942.47,129.36,639,Medium,Medium,High,No,Medium,1,No
PRJ_0106,Building,Bejaia,33,96,3179.47,21.1,45,Medium,High,Low,No,High,0,Yes
PRJ_0107,Building,Annaba,27,55,1898.92,103.64,440,Medium,Medium,High,No,Low,1,Yes
PRJ_0108,Housing,Setif,19,51,1393.92,90.84,682,Low,Medium,Low,Yes,Medium,2,No
PRJ_0109,Building,Mostaganem,12,8,1197.33,102.1,240,Medium,Medium,High,No,Low,1,Yes
PRJ_0110,Road,Batna,42,11,1627.11,46.9,515,High,High,Low,No,Low,2,No
PRJ_0111,Building,Djelfa,27,39,4522.61,69.05,256,High,Medium,Medium,No,High,1,Yes
PRJ_0112,Road,Blida,10,52,434.32,105.58,256,Low,Medium,Low,No,Medium,1,Yes
PRJ_0113,Industrial Site,Blida,7,77,4152.91,37.9,238,High,Medium,High,No,Medium,1,No
PRJ_0114,Housing,Batna,32,76,1777.01,37.12,506,Medium,Medium,Medium,Yes,High,1,No
PRJ_0115,Pipeline,Mostaganem,26,49,2631.92,76.13,480,Medium,Low,Low,No,High,1,No
PRJ_0116,Housing,Ouargla,43,85,3982.7,72.83,682,Low,Medium,Medium,Yes,High,3,Yes
PRJ_0117,Housing,Tlemcen,20,85,4427.66,43.87,654,Medium,High,Low,No,Medium,2,No
PRJ_0118,Road,Annaba,26,100,1756.67,45.77,163,High,High,Medium,No,Low,2,No
PRJ_0119,Housing,Annaba,15,76,2336.13,43.34,208,Medium,Medium,High,No,Low,0,No
PRJ_0120,Bridge,Batna,28,23,2101.85,102.58,274,Medium,Medium,Low,No,Medium,1,No
PRJ_0121,Housing,Oran,44,67,115.59,88.23,87,Medium,Medium,Low,No,Medium,3,No
PRJ_0122,Housing,Bejaia,10,42,1514.92,109.89,635,Low,High,Low,Yes,Medium,0,Yes
PRJ_0123,Building,Tlemcen,6,71,2322.99,127.06,355,High,High,Medium,Yes,Medium,2,No
PRJ_0124,Road,Setif,18,63,2084.91,66.9,690,High,Medium,Low,Yes,High,2,No
PRJ_0125,Building,Setif,26,73,3623.55,18.0,428,Low,Medium,Low,Yes,Medium,1,Yes
PRJ_0126,Bridge,Batna,31,17,1954.78,15.77,319,High,High,Low,Yes,Medium,1,Yes
PRJ_0127,Housing,Annaba,26,51,2472.41,45.48,621,Medium,Medium,Low,No,Low,1,No
PRJ_0128,Housing,Setif,23,65,2176.56,121.91,376,High,Medium,High,No,Low,1,No
PRJ_0129,Road,Ouargla,42,35,3716.1,72.79,275,Medium,Low,Low,No,Low,2,Yes
PRJ_0130,Bridge,Blida,37,84,4321.71,42.61,372,Low,Medium,Medium,No,Medium,2,No
PRJ_0131,Building,Constantine,41,100,2682.85,57.9,751,Medium,Medium,Medium,Yes,Low,0,Yes
PRJ_0132,Building,Djelfa,22,26,3957.69,81.83,540,Medium,High,Medium,No,Medium,1,No
PRJ_0133,Road,Batna,40,97,1519.09,88.35,543,Low,Medium,Low,No,Medium,0,No
PRJ_0134,Building,Oran,16,90,2729.78,28.47,775,Medium,Medium,Medium,Yes,Low,0,No
PRJ_0135,Industrial Site,Bejaia,26,47,1758.89,127.24,713,Medium,Medium,High,No,Low,2,Yes
PRJ_0136,Building,Djelfa,31,71,2100.29,75.37,303,High,Medium,Low,No,Medium,2,No
PRJ_0137,Bridge,Bejaia,9,58,3675.45,26.28,331,Low,Low,Low,Yes,Medium,0,Yes
PRJ_0138,Pipeline,Alger,39,14,4414.23,117.24,118,Medium,Medium,Low,Yes,Medium,2,Yes
PRJ_0139,Building,Djelfa,23,46,651.4,18.96,216,Low,High,Low,No,Medium,2,No
PRJ_0140,Industrial Site,Constantine,45,68,3191.46,118.93,501,High,Low,Low,Yes,Medium,3,Yes
PRJ_0141,Industrial Site,Annaba,40,25,2931.61,129.59,245,Low,Low,Medium,Yes,High,0,Yes
PRJ_0142,Building,Ouargla,46,84,636.15,94.05,634,High,Low,Low,Yes,Medium,1,No
PRJ_0143,Bridge,Blida,34,80,1098.88,102.45,637,High,Medium,Medium,Yes,High,1,Yes
PRJ_0144,Building,Blida,34,70,1589.46,50.48,384,Medium,High,Medium,No,Low,1,No
PRJ_0145,Building,Ouargla,43,45,876.31,122.99,387,Medium,Low,Medium,No,Medium,0,No
PRJ_0146,Road,Tlemcen,47,28,1256.46,73.57,589,Low,High,Medium,No,Medium,0,Yes
PRJ_0147,Pipeline,Alger,26,39,1374.62,97.89,609,Medium,Low,Low,No,Low,1,No
PRJ_0148,Bridge,Bejaia,47,60,1711.59,120.89,94,High,High,High,No,Low,1,Yes
PRJ_0149,Road,Constantine,18,34,3759.48,127.02,61,High,Medium,Medium,No,Medium,0,Yes
PRJ_0150,Building,Setif,46,61,2880.97,109.98,441,Low,Medium,Medium,No,Low,0,No
PRJ_0151,Industrial Site,Djelfa,22,98,4931.92,46.36,200,Medium,Medium,High,No,Low,0,No
PRJ_0152,Building,Alger,14,51,2102.94,125.99,564,High,Medium,Low,No,High,1,Yes
PRJ_0153,Road,Batna,46,39,3781.63,85.37,90,Medium,High,Low,Yes,High,4,Yes
PRJ_0154,Bridge,Djelfa,6,23,4363.77,121.68,587,Low,High,Medium,No,Medium,2,Yes
PRJ_0155,Industrial Site,Constantine,7,12,3410.94,91.13,124,Low,Medium,Medium,No,Medium,0,No
PRJ_0156,Building,Oran,34,30,2088.73,46.87,219,Medium,Low,High,No,High,0,Yes
PRJ_0157,Pipeline,Oran,38,75,3780.29,54.4,120,High,Low,High,No,Medium,1,Yes
PRJ_0158,Housing,Alger,15,34,1058.15,76.06,787,Medium,High,Low,Yes,Low,1,Yes
PRJ_0159,Building,Annaba,45,11,1671.38,104.8,326,Medium,Medium,Low,No,High,2,Yes
PRJ_0160,Housing,Constantine,26,71,2756.09,48.16,605,High,Medium,Low,No,Medium,3,Yes
PRJ_0161,Building,Constantine,33,69,2898.28,79.57,702,Medium,Medium,Low,No,Medium,1,No
PRJ_0162,Pipeline,Ouargla,16,40,159.6,51.47,396,High,High,Medium,No,Medium,3,No
PRJ_0163,Pipeline,Annaba,39,29,4728.32,107.89,674,Medium,Medium,Medium,No,Medium,0,Yes
PRJ_0164,Bridge,Bejaia,13,41,3498.3,66.01,697,Low,High,Medium,No,High,1,No
PRJ_0165,Road,Bejaia,27,5,2503.73,19.21,418,High,High,Low,No,Low,0,No
PRJ_0166,Housing,Setif,13,19,4668.98,29.93,792,Medium,Medium,Low,Yes,High,2,No
PRJ_0167,Building,Blida,20,41,2223.52,17.33,240,Low,Medium,Low,No,High,1,Yes
PRJ_0168,Road,Oran,22,17,4903.16,69.92,614,Medium,High,High,No,Medium,0,No
PRJ_0169,Road,Batna,28,12,2585.81,22.76,201,Low,Medium,Low,No,Medium,2,No
PRJ_0170,Pipeline,Bejaia,29,9,615.71,23.7,326,Medium,High,High,No,Medium,3,Yes
PRJ_0171,Pipeline,Annaba,24,64,3835.76,122.93,541,High,Low,Medium,No,Low,3,No
PRJ_0172,Road,Constantine,10,77,3410.54,114.72,415,High,Low,Medium,No,Low,0,No
PRJ_0173,Bridge,Batna,37,5,3876.28,64.25,23,High,High,Low,Yes,Medium,2,No
PRJ_0174,Building,Mostaganem,6,40,4759.64,128.3,300,Low,Medium,Medium,No,Medium,0,Yes
PRJ_0175,Pipeline,Bejaia,28,39,3893.62,10.02,234,Medium,Medium,Medium,Yes,Low,4,Yes
PRJ_0176,Road,Constantine,42,70,3076.12,83.68,629,Low,High,Medium,No,Low,2,No
PRJ_0177,Pipeline,Bejaia,13,67,4293.68,83.97,439,High,Medium,Low,Yes,High,3,Yes
PRJ_0178,Building,Oran,18,27,3382.57,64.89,120,Medium,Medium,Medium,No,Medium,0,No
PRJ_0179,Industrial Site,Mostaganem,13,13,2070.19,57.63,540,Medium,Low,Medium,Yes,High,1,Yes
PRJ_0180,Road,Djelfa,28,38,4433.82,64.65,592,High,High,Low,No,Low,1,No
PRJ_0181,Building,Bejaia,48,50,1148.41,59.8,328,Medium,High,Low,Yes,Medium,0,Yes
PRJ_0182,Road,Annaba,6,82,3587.47,97.66,677,Medium,Low,High,Yes,Low,0,Yes
PRJ_0183,Industrial Site,Bejaia,29,8,4413.74,26.24,529,High,High,Low,No,Medium,0,No
PRJ_0184,Housing,Blida,40,34,3670.02,33.72,82,High,High,Low,No,Medium,1,No
PRJ_0185,Building,Batna,29,99,3501.51,31.66,652,Medium,Medium,Low,Yes,Low,0,No
PRJ_0186,Pipeline,Batna,22,79,3775.56,41.5,245,Medium,Medium,Medium,No,Medium,0,No
PRJ_0187,Housing,Oran,10,76,2352.02,73.03,124,High,Medium,Low,No,Medium,2,No
PRJ_0188,Pipeline,Annaba,25,7,4377.14,23.35,791,Low,Medium,Medium,Yes,Medium,2,Yes
PRJ_0189,Bridge,Mostaganem,26,18,1057.01,114.18,444,Medium,High,Low,No,Medium,1,Yes
PRJ_0190,Building,Ouargla,45,64,680.56,45.68,274,Low,High,Low,No,Low,1,No
PRJ_0191,Road,Annaba,36,81,1463.27,29.5,448,Medium,Medium,Medium,No,Medium,1,No
PRJ_0192,Housing,Batna,41,49,2681.31,91.07,453,Low,Medium,Low,Yes,High,2,Yes
PRJ_0193,Industrial Site,Blida,16,100,2577.28,14.57,226,Medium,Low,High,No,High,1,Yes
PRJ_0194,Pipeline,Djelfa,20,38,4111.96,84.4,47,Low,Low,Low,No,High,1,Yes
PRJ_0195,Building,Oran,24,49,2052.61,93.78,701,Medium,Medium,Low,No,Medium,0,No
PRJ_0196,Building,Ouargla,12,65,2447.5,35.79,355,High,Low,Low,Yes,Medium,1,No
PRJ_0197,Housing,Blida,33,87,116.17,15.04,607,High,Medium,Low,No,Medium,1,No
PRJ_0198,Housing,Mostaganem,48,20,2078.21,53.64,647,High,Medium,High,No,Low,1,No
PRJ_0199,Housing,Mostaganem,10,70,3256.48,21.83,88,Medium,High,High,No,High,1,No
PRJ_0200,Housing,Blida,10,44,126.77,23.98,765,Low,Medium,Low,Yes,Medium,0,No
PRJ_0201,Pipeline,Alger,35,21,1440.37,40.51,532,Low,Medium,Medium,Yes,Low,0,No
PRJ_0202,Road,Oran,37,38,1079.38,45.46,186,High,Medium,Medium,No,Low,0,No
PRJ_0203,Road,Annaba,13,20,257.83,73.6,749,Medium,Low,Low,No,High,1,Yes
PRJ_0204,Housing,Constantine,15,64,2422.34,91.41,387,Low,Low,Low,Yes,Low,2,Yes
PRJ_0205,Pipeline,Djelfa,43,70,949.53,81.13,270,High,Medium,High,No,Low,1,No
PRJ_0206,Road,Constantine,37,70,3728.25,27.8,705,Medium,High,High,No,Medium,3,Yes
PRJ_0207,Road,Annaba,33,94,4247.24,30.65,189,Medium,Low,High,Yes,Low,1,Yes
PRJ_0208,Pipeline,Annaba,22,17,2750.65,115.45,777,High,High,Medium,Yes,High,0,Yes
PRJ_0209,Road,Oran,36,60,4909.45,77.0,109,High,High,Medium,No,Medium,1,No
PRJ_0210,Road,Annaba,13,35,2279.87,114.39,580,Medium,High,Low,No,Medium,3,No
PRJ_0211,Bridge,Batna,45,38,2591.17,54.59,465,High,Medium,Low,No,High,2,No
PRJ_0212,Pipeline,Alger,30,43,4946.63,83.73,313,Medium,High,Low,No,Medium,2,No
PRJ_0213,Pipeline,Ouargla,14,71,1196.16,72.84,169,High,Low,Medium,Yes,Medium,1,No
PRJ_0214,Building,Annaba,7,12,4715.6,48.29,151,Low,Medium,Medium,Yes,Medium,0,Yes
PRJ_0215,Pipeline,Constantine,20,91,262.05,66.39,452,Low,High,High,Yes,Medium,2,Yes
PRJ_0216,Building,Annaba,8,82,2259.62,70.3,78,Medium,Medium,High,No,Low,0,No
PRJ_0217,Building,Mostaganem,41,59,396.52,34.09,218,High,Medium,High,No,Medium,0,No
PRJ_0218,Housing,Alger,9,31,3659.71,47.8,234,Medium,Medium,High,No,High,1,No
PRJ_0219,Pipeline,Batna,19,97,3061.62,104.97,580,Low,Medium,Low,No,Medium,0,No
PRJ_0220,Housing,Batna,46,57,3547.84,119.89,491,Low,Medium,Medium,Yes,High,0,Yes
PRJ_0221,Pipeline,Bejaia,46,43,1903.68,53.18,763,High,Medium,Medium,No,Medium,2,No
PRJ_0222,Pipeline,Batna,30,69,1878.94,46.84,266,Low,High,Low,No,Medium,1,Yes
PRJ_0223,Road,Bejaia,15,21,274.33,33.42,401,Medium,High,High,No,High,2,No
PRJ_0224,Building,Blida,26,34,1782.23,91.42,258,Low,High,High,Yes,Low,0,Yes
PRJ_0225,Building,Djelfa,41,57,4649.98,48.77,386,Low,Medium,Low,Yes,Medium,1,Yes
PRJ_0226,Building,Setif,17,17,1927.17,128.53,187,Medium,Medium,Low,Yes,Medium,1,No
PRJ_0227,Industrial Site,Batna,32,25,4165.27,49.08,579,Medium,High,Medium,No,Medium,0,No
PRJ_0228,Building,Ouargla,45,23,4219.51,57.3,70,Medium,High,Medium,No,Low,3,No
PRJ_0229,Housing,Mostaganem,7,57,1897.54,82.4,629,Low,Medium,High,No,Low,1,Yes
PRJ_0230,Pipeline,Tlemcen,18,23,3178.34,106.2,747,High,Low,Low,No,Low,2,Yes
PRJ_0231,Housing,Blida,37,61,522.09,66.34,708,Low,Low,Low,No,Medium,1,Yes
PRJ_0232,Bridge,Batna,36,29,563.21,60.72,399,Medium,Medium,Low,No,High,1,No
PRJ_0233,Pipeline,Djelfa,21,90,290.86,129.48,493,High,Medium,Low,No,High,0,No
PRJ_0234,Bridge,Bejaia,37,35,2926.02,11.26,99,Low,High,Low,No,Medium,2,No
PRJ_0235,Road,Constantine,37,85,2159.05,117.41,716,High,Medium,High,No,High,1,Yes
PRJ_0236,Housing,Tlemcen,39,59,2762.76,27.9,386,Low,Low,Low,No,Medium,3,Yes
PRJ_0237,Building,Djelfa,16,27,2629.31,104.31,480,Medium,Medium,Low,No,Medium,2,No
PRJ_0238,Road,Djelfa,15,36,1783.5,84.15,558,Medium,Medium,Low,No,Medium,2,No
PRJ_0239,Pipeline,Batna,20,66,3403.49,51.02,471,High,Low,Low,No,Medium,2,No
PRJ_0240,Road,Blida,22,78,3804.58,114.86,483,Medium,Medium,High,No,Low,0,No
PRJ_0241,Industrial Site,Tlemcen,45,14,122.41,11.55,497,Medium,Medium,Medium,Yes,Medium,1,Yes
PRJ_0242,Industrial Site,Oran,23,76,1075.85,37.2,439,High,High,Medium,Yes,Medium,1,No
PRJ_0243,Industrial Site,Setif,14,58,3580.52,78.03,726,Medium,Medium,Low,No,Medium,3,Yes
PRJ_0244,Building,Oran,30,56,1963.77,52.19,233,Medium,Medium,Low,No,High,1,No
PRJ_0245,Road,Mostaganem,45,24,3329.3,83.25,388,Medium,Medium,Medium,No,Medium,2,No
PRJ_0246,Industrial Site,Tlemcen,19,36,1767.47,12.89,133,High,High,Low,Yes,Low,0,No
PRJ_0247,Bridge,Oran,30,18,1984.24,23.98,773,Low,Low,High,Yes,Medium,1,Yes
PRJ_0248,Industrial Site,Batna,27,54,835.46,25.25,522,Low,High,Low,No,Medium,0,No
PRJ_0249,Industrial Site,Alger,35,32,1328.24,32.71,655,Medium,Medium,Medium,No,Low,3,No
PRJ_0250,Housing,Bejaia,25,57,3046.79,65.12,607,Medium,High,Low,No,Low,0,No
PRJ_0251,Building,Alger,26,28,2194.16,100.26,330,High,High,Medium,No,Medium,1,No
PRJ_0252,Building,Annaba,37,83,3882.8,118.66,488,High,Medium,High,No,High,1,No
PRJ_0253,Housing,Oran,26,26,4270.3,110.24,727,High,Medium,Medium,No,Medium,2,No
PRJ_0254,Building,Mostaganem,40,34,2731.15,33.63,63,High,Low,Medium,No,High,1,Yes
PRJ_0255,Road,Annaba,37,67,3803.42,62.94,434,Medium,High,High,No,High,1,Yes
PRJ_0256,Pipeline,Constantine,35,8,1569.18,33.93,717,Low,Medium,Medium,Yes,Low,1,Yes
PRJ_0257,Industrial Site,Ouargla,44,81,2104.11,41.74,265,High,Medium,Low,Yes,Medium,1,No
PRJ_0258,Pipeline,Constantine,17,63,3578.25,70.43,103,Low,High,Low,No,Medium,0,No
PRJ_0259,Pipeline,Tlemcen,46,91,1961.75,18.17,226,Medium,High,Medium,No,Low,2,No
PRJ_0260,Road,Djelfa,23,12,2963.1,36.18,170,High,Medium,Medium,No,Medium,0,No
PRJ_0261,Pipeline,Bejaia,26,86,967.6,122.25,687,Medium,Medium,Low,No,Medium,4,Yes
PRJ_0262,Industrial Site,Oran,18,16,3018.87,65.93,547,High,Medium,Low,No,Low,0,No
PRJ_0263,Road,Mostaganem,26,35,4314.49,63.45,184,Low,Medium,High,No,High,0,Yes
PRJ_0264,Bridge,Mostaganem,13,82,4349.77,11.75,164,Medium,Medium,Low,Yes,Medium,0,No
PRJ_0265,Housing,Blida,45,38,3635.5,39.69,56,Low,Medium,Low,No,High,3,Yes
PRJ_0266,Housing,Ouargla,12,86,3741.48,113.96,352,Medium,Medium,Low,No,Low,3,Yes
PRJ_0267,Pipeline,Setif,28,79,2811.74,29.76,422,High,High,High,No,High,1,No
PRJ_0268,Pipeline,Setif,37,80,2944.11,59.81,433,Medium,Low,Low,No,Medium,2,No
PRJ_0269,Building,Setif,16,53,711.57,11.72,64,Medium,Medium,Medium,No,Low,1,No
PRJ_0270,Building,Oran,27,83,2247.1,67.4,421,Low,Medium,Low,Yes,Medium,1,No
PRJ_0271,Housing,Setif,27,61,2281.34,12.52,225,Low,Low,Medium,Yes,Medium,2,Yes
PRJ_0272,Housing,Batna,48,99,4794.56,108.35,81,Medium,Low,High,No,Medium,1,No
PRJ_0273,Housing,Alger,30,97,2183.88,108.98,439,High,Medium,Low,No,Medium,0,Yes
PRJ_0274,Industrial Site,Mostaganem,27,30,2769.25,104.53,487,Low,High,Medium,Yes,Low,4,Yes
PRJ_0275,Bridge,Ouargla,33,22,2689.59,44.0,38,High,Low,Low,No,Medium,2,Yes
PRJ_0276,Bridge,Alger,34,100,3201.97,110.47,384,High,Low,Low,Yes,Medium,0,Yes
PRJ_0277,Housing,Djelfa,18,90,3753.75,75.16,319,Medium,High,High,No,Medium,2,No
PRJ_0278,Pipeline,Ouargla,23,42,1163.96,54.86,26,Medium,Low,Low,No,Medium,1,No
PRJ_0279,Pipeline,Alger,7,85,2667.19,85.04,780,High,High,Medium,No,High,2,No
PRJ_0280,Housing,Ouargla,34,91,4138.29,11.48,447,Medium,Medium,Low,No,Medium,0,No
PRJ_0281,Housing,Djelfa,26,92,2342.42,27.16,136,Medium,High,Low,Yes,Medium,0,No
PRJ_0282,Building,Annaba,20,54,1428.36,99.08,599,Low,Medium,Low,No,High,2,No
PRJ_0283,Building,Batna,32,12,3290.81,39.3,526,High,High,Medium,No,Medium,0,No
PRJ_0284,Road,Oran,36,45,4127.65,81.76,565,High,High,Medium,No,Low,1,No
PRJ_0285,Pipeline,Oran,20,10,362.54,56.21,725,High,Medium,Medium,Yes,Low,0,Yes
PRJ_0286,Road,Mostaganem,28,73,3895.11,112.58,344,Low,Low,Low,No,Medium,2,Yes
PRJ_0287,Bridge,Setif,29,48,4117.16,124.29,74,Medium,High,Low,Yes,Low,1,No
PRJ_0288,Bridge,Batna,18,68,2334.54,116.03,797,Low,Medium,Medium,No,Medium,0,No
PRJ_0289,Building,Constantine,27,33,4917.36,42.47,61,Low,Low,High,No,Low,0,Yes
PRJ_0290,Pipeline,Setif,48,32,3944.21,33.3,316,Medium,Low,Low,No,Low,1,Yes
PRJ_0291,Road,Mostaganem,42,15,3879.63,66.93,250,High,High,Medium,No,Medium,1,No
PRJ_0292,Road,Tlemcen,38,69,3751.8,10.88,472,High,Medium,Low,No,High,0,No
PRJ_0293,Housing,Batna,8,23,795.51,13.1,413,Medium,Medium,Medium,No,Medium,0,No
PRJ_0294,Building,Alger,24,13,1125.29,76.39,541,Low,Medium,High,No,High,3,Yes
PRJ_0295,Road,Ouargla,28,31,2346.75,72.45,377,Medium,High,High,No,High,1,Yes
PRJ_0296,Bridge,Constantine,34,38,1356.82,129.35,463,Medium,High,Medium,No,Low,0,No
PRJ_0297,Housing,Batna,35,48,2105.44,34.22,147,High,High,Low,No,Low,1,No
PRJ_0298,Road,Djelfa,44,72,4447.9,40.97,710,High,Low,High,Yes,Medium,1,Yes
PRJ_0299,Pipeline,Tlemcen,30,86,4130.42,23.62,424,Medium,High,Medium,No,High,2,No
PRJ_0300,Road,Djelfa,42,19,3168.7,120.11,411,Medium,Medium,Low,Yes,Medium,1,Yes
PRJ_0301,Road,Oran,13,55,4297.7,103.34,212,Low,Medium,Medium,No,High,2,No
PRJ_0302,Bridge,Oran,47,17,3929.67,108.68,623,Medium,Medium,High,No,Low,0,Yes
PRJ_0303,Bridge,Setif,21,87,2173.48,118.33,762,Medium,Low,High,No,Low,1,Yes
PRJ_0304,Pipeline,Alger,13,53,1045.27,72.99,97,Low,High,Low,No,Medium,3,No
PRJ_0305,Housing,Constantine,6,74,2595.3,64.14,104,Medium,Low,Medium,No,Medium,1,No
PRJ_0306,Industrial Site,Bejaia,10,60,3694.33,49.65,49,High,Medium,High,No,Low,2,No
PRJ_0307,Bridge,Tlemcen,8,80,2210.28,80.71,744,Medium,High,Low,No,Medium,2,No
PRJ_0308,Building,Tlemcen,6,55,3350.52,64.51,68,Low,High,Medium,No,Low,1,No
PRJ_0309,Housing,Batna,9,41,516.92,64.19,796,Low,Low,Medium,Yes,Medium,2,Yes
PRJ_0310,Building,Setif,45,21,3752.62,122.43,164,Medium,Medium,Low,Yes,High,2,Yes
PRJ_0311,Bridge,Oran,40,62,4072.93,128.08,88,Medium,High,Low,No,High,0,Yes
PRJ_0312,Road,Setif,37,91,3548.85,105.58,77,Medium,Medium,Medium,No,Medium,0,No
PRJ_0313,Road,Ouargla,47,94,4837.95,100.81,716,Medium,Medium,High,Yes,Medium,1,Yes
PRJ_0314,Industrial Site,Batna,39,33,4141.93,91.67,593,Medium,Medium,Medium,Yes,Medium,2,No
PRJ_0315,Housing,Batna,48,37,4520.31,29.93,498,High,Medium,Medium,No,Low,2,No
PRJ_0316,Pipeline,Constantine,30,64,4671.18,17.09,464,Medium,High,Low,No,Low,1,No
PRJ_0317,Building,Alger,15,95,4016.67,92.89,315,High,Medium,Low,Yes,Low,1,No
PRJ_0318,Road,Mostaganem,26,93,3387.58,97.45,697,Medium,Medium,Medium,Yes,High,0,Yes
PRJ_0319,Road,Annaba,44,59,78.31,15.64,190,Low,Medium,Low,No,High,3,Yes
PRJ_0320,Building,Mostaganem,32,14,2355.84,121.37,594,Medium,Medium,High,No,Medium,1,Yes
PRJ_0321,Bridge,Blida,32,51,2877.25,20.94,166,Medium,Low,Low,Yes,Medium,0,Yes
PRJ_0322,Pipeline,Blida,7,27,1554.95,44.31,503,High,Medium,Low,Yes,Low,0,No
PRJ_0323,Pipeline,Batna,46,89,1624.62,90.69,325,High,Medium,Low,Yes,Medium,0,No
PRJ_0324,Building,Setif,18,25,4807.74,30.38,692,High,Medium,High,Yes,Medium,3,Yes
PRJ_0325,Industrial Site,Ouargla,14,17,4463.97,16.65,672,High,Medium,Low,No,Medium,2,No
PRJ_0326,Housing,Constantine,41,37,4253.44,49.74,628,Medium,Medium,Low,Yes,Low,1,No
PRJ_0327,Pipeline,Bejaia,27,28,2059.76,101.92,465,Medium,Medium,Low,No,High,0,Yes
PRJ_0328,Pipeline,Blida,47,15,117.81,59.64,240,Medium,Medium,High,Yes,Medium,1,Yes
PRJ_0329,Building,Constantine,31,21,447.1,88.36,574,High,High,Low,No,High,1,Yes
PRJ_0330,Building,Batna,17,72,1595.37,79.55,397,High,Medium,Low,Yes,High,0,Yes
PRJ_0331,Building,Alger,22,51,127.93,12.67,639,Low,Low,Low,No,High,1,Yes
PRJ_0332,Housing,Djelfa,19,29,134.89,128.62,285,High,Low,Medium,No,Low,0,Yes
PRJ_0333,Road,Mostaganem,19,98,4587.19,14.97,114,Low,High,Low,No,Low,1,No
PRJ_0334,Road,Ouargla,39,77,3545.48,126.14,281,Medium,Medium,Low,No,Low,1,No
PRJ_0335,Road,Oran,25,25,1579.33,75.98,90,Low,High,Low,Yes,Low,2,Yes
PRJ_0336,Road,Constantine,16,88,706.59,125.58,238,Medium,Low,Medium,Yes,Medium,2,Yes
PRJ_0337,Housing,Alger,21,87,2582.6,23.77,552,High,High,Medium,No,Medium,1,No
PRJ_0338,Pipeline,Bejaia,36,87,76.46,68.85,111,Medium,High,Medium,No,Medium,2,No
PRJ_0339,Bridge,Annaba,11,16,4695.15,30.34,146,Low,Medium,High,Yes,Low,3,Yes
PRJ_0340,Road,Mostaganem,24,41,2103.33,16.12,99,Medium,Low,High,Yes,High,0,Yes
PRJ_0341,Bridge,Oran,42,46,2041.56,84.1,257,Medium,Medium,Low,Yes,Low,1,No
PRJ_0342,Bridge,Mostaganem,9,21,1983.44,34.93,391,Medium,Medium,Medium,Yes,Low,0,Yes
PRJ_0343,Road,Batna,9,52,393.18,80.52,505,Medium,Medium,Medium,Yes,Medium,3,No
PRJ_0344,Bridge,Annaba,25,32,3209.7,23.48,713,Low,Medium,High,No,Medium,3,Yes
PRJ_0345,Building,Mostaganem,15,45,3678.37,49.84,44,Medium,Low,Low,Yes,Medium,2,No
PRJ_0346,Pipeline,Bejaia,29,51,3396.82,103.8,175,Medium,Medium,Medium,No,Low,2,No
PRJ_0347,Pipeline,Alger,40,22,735.26,62.45,536,High,Medium,Low,Yes,Medium,0,No
PRJ_0348,Road,Blida,31,82,2915.26,85.33,651,Low,Medium,High,Yes,Low,3,Yes
PRJ_0349,Building,Annaba,42,75,2868.95,87.69,549,Medium,Low,Low,No,Low,2,No
PRJ_0350,Pipeline,Batna,43,17,4348.63,111.25,729,Low,High,Low,No,Medium,0,Yes
PRJ_0351,Bridge,Oran,26,86,1926.68,48.99,76,Medium,Medium,Low,No,Low,2,No
PRJ_0352,Housing,Setif,45,17,1888.86,92.48,624,Medium,High,Low,No,Low,1,No
PRJ_0353,Pipeline,Tlemcen,44,35,3111.71,125.39,38,High,Medium,Medium,No,Medium,2,Yes
PRJ_0354,Road,Constantine,26,6,3183.71,97.63,403,High,Low,Low,Yes,High,0,Yes
PRJ_0355,Road,Mostaganem,15,20,2372.96,68.78,212,High,Medium,Low,No,High,2,No
PRJ_0356,Pipeline,Blida,43,13,2243.14,85.69,256,Medium,Medium,High,No,Medium,2,Yes
PRJ_0357,Road,Annaba,9,77,2496.03,98.76,406,Medium,High,Low,Yes,Low,2,Yes
PRJ_0358,Pipeline,Mostaganem,25,42,4312.17,83.47,445,High,Medium,Medium,Yes,Low,1,No
PRJ_0359,Industrial Site,Djelfa,22,79,2332.78,12.0,296,Medium,Medium,Low,No,Low,0,No
PRJ_0360,Pipeline,Constantine,12,58,4702.66,33.37,246,Low,High,Low,Yes,Medium,2,Yes
PRJ_0361,Building,Setif,9,60,2544.82,107.26,764,High,Medium,High,No,Medium,0,No
PRJ_0362,Pipeline,Bejaia,34,90,4748.54,42.72,571,Medium,High,Medium,No,Medium,0,No
PRJ_0363,Bridge,Tlemcen,19,91,4172.52,97.79,342,Low,High,Low,No,Medium,1,No
PRJ_0364,Bridge,Alger,8,49,1844.04,54.65,172,Medium,Low,High,No,Low,0,Yes
PRJ_0365,Industrial Site,Mostaganem,29,38,4325.03,72.63,658,Medium,Medium,High,No,Medium,1,No
PRJ_0366,Building,Setif,42,13,594.81,18.16,256,Medium,Medium,High,Yes,Low,2,No
PRJ_0367,Industrial Site,Setif,21,92,4628.98,31.75,74,Low,Medium,Low,Yes,Medium,1,Yes
PRJ_0368,Industrial Site,Bejaia,9,12,3176.64,124.86,455,Low,Medium,Low,No,Medium,0,Yes
PRJ_0369,Road,Ouargla,29,11,319.23,116.82,703,Low,High,Medium,No,Medium,1,Yes
PRJ_0370,Road,Bejaia,39,40,3239.07,88.27,128,Medium,High,Medium,No,Medium,1,No
PRJ_0371,Road,Mostaganem,35,22,4872.53,65.16,203,High,Medium,Low,Yes,Medium,0,Yes
PRJ_0372,Road,Ouargla,23,7,395.51,91.09,387,Medium,Low,Medium,Yes,Low,3,Yes
PRJ_0373,Road,Ouargla,24,32,2795.7,84.23,217,Low,Medium,Low,No,Low,2,No
PRJ_0374,Pipeline,Blida,36,74,3751.58,78.23,390,Low,Low,Medium,No,Medium,0,Yes
PRJ_0375,Road,Blida,24,48,4060.78,17.1,392,High,High,Low,No,Low,1,No
PRJ_0376,Building,Oran,24,25,2098.45,85.94,516,Medium,Medium,Medium,No,Medium,1,No
PRJ_0377,Housing,Annaba,27,32,1060.62,102.27,618,Medium,Medium,Low,No,Medium,1,No
PRJ_0378,Road,Annaba,29,58,259.59,129.29,220,Low,Low,High,No,High,0,Yes
PRJ_0379,Housing,Batna,17,58,2919.64,11.33,528,High,High,Medium,No,High,0,Yes
PRJ_0380,Building,Alger,35,69,2291.91,97.62,341,Medium,Low,Medium,No,Low,0,No
PRJ_0381,Road,Annaba,43,25,4746.28,78.61,294,Low,High,High,No,High,1,Yes
PRJ_0382,Pipeline,Blida,36,17,349.99,62.09,230,Low,Medium,Medium,No,Medium,0,Yes
PRJ_0383,Pipeline,Oran,41,61,3442.71,25.31,523,Medium,High,High,Yes,Medium,3,Yes
PRJ_0384,Housing,Oran,24,53,173.58,59.09,137,High,Medium,Low,Yes,Low,1,No
PRJ_0385,Housing,Ouargla,41,58,898.6,52.53,722,High,Low,Low,Yes,High,1,Yes
PRJ_0386,Housing,Batna,35,14,2295.22,46.34,573,Medium,High,Low,Yes,Low,2,Yes
PRJ_0387,Building,Bejaia,38,57,2301.62,97.71,61,High,Low,Low,No,High,1,Yes
PRJ_0388,Road,Alger,23,48,3444.22,94.09,334,Low,Medium,High,No,Low,0,Yes
PRJ_0389,Housing,Mostaganem,33,51,4555.55,80.68,348,Medium,Low,Low,Yes,Medium,1,Yes
PRJ_0390,Housing,Ouargla,16,57,3213.21,122.64,36,Medium,High,Medium,No,Medium,1,No
PRJ_0391,Industrial Site,Bejaia,38,78,4770.0,51.98,302,Low,High,Medium,No,Low,1,Yes
PRJ_0392,Building,Annaba,22,50,4414.0,39.26,277,High,Medium,Medium,No,Low,1,No
PRJ_0393,Building,Batna,11,17,2943.27,88.71,594,Low,Medium,Medium,No,Medium,2,No
PRJ_0394,Housing,Ouargla,9,41,4177.27,33.86,593,Medium,High,Medium,No,Low,2,Yes
PRJ_0395,Building,Constantine,25,28,3230.76,47.8,631,Medium,Low,Low,No,Medium,0,No
PRJ_0396,Industrial Site,Annaba,32,6,438.86,36.95,38,Medium,High,Low,Yes,Medium,1,Yes
PRJ_0397,Housing,Bejaia,20,90,3715.8,18.3,548,Medium,Low,Medium,No,High,1,No
PRJ_0398,Bridge,Alger,11,85,519.8,109.3,442,Low,High,Medium,Yes,Medium,1,No
PRJ_0399,Housing,Mostaganem,19,18,2990.71,40.54,485,High,High,Low,No,Low,4,No
PRJ_0400,Housing,Bejaia,16,14,3528.07,66.76,392,Medium,High,High,Yes,Low,0,No
PRJ_0401,Road,Ouargla,44,39,379.31,15.2,777,Medium,Medium,Low,No,Low,4,No
PRJ_0402,Industrial Site,Ouargla,14,29,1192.43,93.92,782,High,Medium,Low,No,High,0,No
PRJ_0403,Bridge,Mostaganem,31,7,4582.58,49.67,100,High,Medium,Low,No,High,1,Yes
PRJ_0404,Housing,Setif,21,21,3100.76,99.37,570,Low,Low,Medium,No,Medium,1,No
PRJ_0405,Building,Alger,10,16,1269.12,59.49,567,High,Medium,Medium,No,Low,0,No
PRJ_0406,Housing,Djelfa,15,58,3468.86,33.49,443,Low,Medium,Low,No,High,1,No
PRJ_0407,Building,Annaba,8,28,3004.04,71.58,448,Low,High,Low,No,High,2,No
PRJ_0408,Road,Oran,18,33,2532.8,25.66,407,Medium,Medium,Medium,No,High,1,No
PRJ_0409,Industrial Site,Mostaganem,48,47,4882.13,62.86,728,High,Low,Low,Yes,High,1,Yes
PRJ_0410,Road,Alger,35,29,3433.1,48.08,689,Low,Medium,Low,Yes,Medium,1,Yes
PRJ_0411,Building,Oran,11,64,1908.43,119.44,223,Medium,Medium,Medium,No,Low,0,No
PRJ_0412,Industrial Site,Alger,22,94,4010.36,17.31,215,Low,Medium,Low,No,Medium,0,No
PRJ_0413,Industrial Site,Alger,24,69,4428.69,93.28,747,High,Medium,High,Yes,Medium,1,No
PRJ_0414,Pipeline,Bejaia,47,88,669.84,31.93,304,Medium,High,Low,No,Medium,4,No
PRJ_0415,Pipeline,Alger,40,32,1042.74,48.29,215,Medium,Medium,Medium,No,Medium,4,No
PRJ_0416,Bridge,Setif,31,20,1120.32,59.86,326,Low,Medium,Medium,No,Low,1,Yes
PRJ_0417,Building,Djelfa,10,51,3471.5,118.96,683,High,Medium,High,No,Medium,1,No
PRJ_0418,Building,Ouargla,34,85,3035.05,39.11,33,High,High,Low,No,Medium,0,No
PRJ_0419,Pipeline,Tlemcen,42,96,3114.01,20.96,165,Medium,Medium,Medium,No,Low,1,No
PRJ_0420,Housing,Oran,25,62,4706.83,48.24,76,Medium,High,Medium,No,Medium,3,No
PRJ_0421,Housing,Ouargla,26,80,3890.76,22.56,742,High,Low,Medium,No,High,0,No
PRJ_0422,Housing,Tlemcen,15,31,683.29,25.43,799,Low,High,Medium,Yes,High,2,Yes
PRJ_0423,Road,Djelfa,10,57,1770.16,78.86,229,High,Medium,Medium,No,Medium,3,No
PRJ_0424,Bridge,Djelfa,41,46,2205.2,17.31,548,High,Medium,High,No,Medium,0,No
PRJ_0425,Road,Oran,11,63,2010.01,13.71,363,Low,Medium,Low,No,Low,1,No
PRJ_0426,Bridge,Oran,31,51,3363.08,95.73,734,Medium,Medium,Low,No,Medium,1,No
PRJ_0427,Bridge,Djelfa,9,98,4464.87,53.4,630,Low,Low,High,No,Medium,0,Yes
PRJ_0428,Housing,Tlemcen,44,38,1564.95,25.05,298,Medium,High,Low,No,Medium,3,No
PRJ_0429,Building,Mostaganem,44,41,2781.79,40.43,228,Medium,Medium,High,No,High,1,Yes
PRJ_0430,Road,Alger,40,10,3957.58,87.05,660,Medium,High,Medium,No,Medium,0,No
PRJ_0431,Road,Annaba,6,11,2110.28,43.06,354,Medium,High,Medium,No,Low,1,No
PRJ_0432,Housing,Batna,29,100,882.18,69.34,307,Medium,Medium,Low,No,Low,0,No
PRJ_0433,Pipeline,Constantine,41,100,2401.01,24.6,271,Medium,High,Low,Yes,Medium,1,No
PRJ_0434,Road,Batna,11,29,323.35,80.57,284,Low,Medium,Medium,No,Medium,1,Yes
PRJ_0435,Road,Ouargla,46,37,4714.8,47.93,290,High,Low,High,No,High,1,Yes
PRJ_0436,Pipeline,Bejaia,36,59,420.36,85.24,719,Low,High,High,No,Medium,1,Yes
PRJ_0437,Road,Ouargla,25,62,2220.36,107.01,438,High,Medium,Low,No,Medium,2,No
PRJ_0438,Housing,Bejaia,29,11,2672.91,83.4,745,Medium,Medium,Low,Yes,Medium,0,No
PRJ_0439,Pipeline,Tlemcen,30,61,4927.25,45.49,230,Medium,Medium,Low,No,Medium,2,No
PRJ_0440,Road,Bejaia,41,16,871.81,40.69,384,High,Medium,High,No,Medium,0,Yes
PRJ_0441,Road,Oran,26,20,616.44,49.29,95,Medium,High,Low,No,Medium,0,No
PRJ_0442,Industrial Site,Mostaganem,35,84,93.1,29.75,679,Medium,Low,Low,No,Medium,0,No
PRJ_0443,Building,Annaba,29,47,820.08,31.74,340,Low,Medium,Low,No,Low,2,No
PRJ_0444,Building,Annaba,47,81,1076.0,104.88,744,Medium,Medium,Low,No,High,3,Yes
PRJ_0445,Housing,Oran,35,11,3171.38,56.17,452,Low,Medium,High,No,Low,1,Yes
PRJ_0446,Industrial Site,Mostaganem,27,55,1137.55,62.32,128,Low,Medium,Medium,Yes,Low,0,No
PRJ_0447,Industrial Site,Setif,33,77,151.58,81.29,660,Medium,Low,Low,No,Low,0,No
PRJ_0448,Housing,Batna,12,36,4141.76,80.76,541,Low,Low,Low,No,Low,0,Yes
PRJ_0449,Building,Tlemcen,40,79,1859.7,18.09,66,Medium,Medium,Low,Yes,Medium,0,No
PRJ_0450,Road,Batna,33,12,1800.8,109.78,398,Low,High,Low,Yes,Low,2,Yes
PRJ_0451,Housing,Setif,19,91,1547.27,31.28,115,Low,Low,Low,No,Low,0,Yes
PRJ_0452,Pipeline,Setif,15,93,4878.1,96.77,122,Low,High,Medium,No,Medium,1,No
PRJ_0453,Bridge,Ouargla,21,76,892.07,102.72,165,High,High,Low,Yes,Medium,2,Yes
PRJ_0454,Industrial Site,Djelfa,21,49,4496.28,95.79,46,Low,High,Low,No,Low,2,No
PRJ_0455,Road,Ouargla,36,90,3895.18,79.48,751,Medium,High,Low,No,Medium,0,No
PRJ_0456,Bridge,Djelfa,47,63,428.58,11.75,549,Low,Medium,Medium,Yes,Medium,1,Yes
PRJ_0457,Road,Constantine,30,8,4934.31,53.25,698,High,Medium,Medium,No,High,2,No
PRJ_0458,Bridge,Bejaia,18,71,1393.26,82.58,101,Low,Medium,Medium,No,Medium,0,No
PRJ_0459,Road,Mostaganem,11,33,537.99,56.49,447,High,Medium,Medium,No,Low,1,No
PRJ_0460,Road,Djelfa,14,33,4155.11,113.62,603,Medium,High,Medium,No,Medium,3,Yes
PRJ_0461,Road,Batna,41,32,3548.04,47.06,498,Low,Medium,Low,Yes,Medium,4,Yes
PRJ_0462,Pipeline,Oran,48,81,3105.23,45.22,785,High,High,High,No,Low,1,No
PRJ_0463,Housing,Ouargla,25,83,822.11,41.92,181,Medium,Low,Low,Yes,High,1,No
PRJ_0464,Pipeline,Mostaganem,23,91,2418.56,49.93,421,Medium,High,Low,No,Medium,0,No
PRJ_0465,Industrial Site,Tlemcen,48,48,3913.75,76.89,527,High,Medium,Medium,No,High,1,No
PRJ_0466,Building,Mostaganem,26,94,1552.94,94.84,57,High,Medium,Low,No,Medium,2,No
PRJ_0467,Building,Bejaia,9,8,1592.86,89.51,530,Medium,Medium,High,Yes,Medium,2,Yes
PRJ_0468,Housing,Constantine,38,94,65.55,106.93,412,Medium,High,Medium,Yes,Medium,2,No
PRJ_0469,Building,Djelfa,32,13,912.5,116.31,732,High,Medium,High,No,Medium,0,Yes
PRJ_0470,Industrial Site,Constantine,12,9,4383.26,107.93,513,Medium,High,High,No,Medium,2,Yes
PRJ_0471,Road,Tlemcen,11,60,2236.65,12.27,219,High,High,High,No,High,3,No
PRJ_0472,Industrial Site,Setif,20,100,4921.96,98.31,274,Medium,High,High,Yes,Medium,4,Yes
PRJ_0473,Road,Annaba,23,88,2008.75,35.01,198,Low,Low,High,No,High,2,Yes
PRJ_0474,Housing,Tlemcen,37,54,3590.17,25.95,566,High,High,Medium,No,High,0,No
PRJ_0475,Bridge,Blida,16,79,1445.5,86.62,613,Low,High,Low,No,High,1,Yes
PRJ_0476,Industrial Site,Tlemcen,25,19,1850.86,48.37,408,Medium,Low,Low,No,Medium,0,No
PRJ_0477,Road,Constantine,29,36,994.09,16.85,417,Medium,Low,Medium,No,Medium,0,No
PRJ_0478,Pipeline,Mostaganem,20,32,1767.96,26.52,751,Medium,Low,High,No,Low,1,Yes
PRJ_0479,Industrial Site,Oran,12,26,2758.83,10.11,177,Low,Low,Medium,Yes,Medium,1,Yes
PRJ_0480,Bridge,Ouargla,26,21,4959.28,118.39,23,High,Medium,High,No,Low,2,Yes
PRJ_0481,Pipeline,Oran,47,63,3337.8,12.95,186,Medium,High,High,No,Low,3,Yes
PRJ_0482,Pipeline,Constantine,31,94,1036.27,35.13,487,Medium,Medium,Low,No,Low,2,No
PRJ_0483,Bridge,Ouargla,19,75,272.56,59.95,428,High,Medium,Low,No,High,2,No
PRJ_0484,Pipeline,Blida,42,61,675.46,52.79,431,Medium,High,Low,Yes,High,1,Yes
PRJ_0485,Pipeline,Annaba,26,30,2834.65,119.41,223,Low,Medium,Low,No,Medium,3,No
PRJ_0486,Industrial Site,Bejaia,23,29,3837.54,14.83,213,Low,High,Medium,No,Medium,0,No
PRJ_0487,Road,Batna,10,14,4705.08,71.47,254,High,Medium,High,No,Medium,3,Yes
PRJ_0488,Building,Constantine,8,49,128.32,91.66,737,Low,Medium,Medium,No,Medium,0,No
PRJ_0489,Industrial Site,Mostaganem,28,87,2637.66,121.8,169,Medium,Medium,Low,No,Medium,3,No
PRJ_0490,Housing,Djelfa,31,15,2380.79,84.44,178,Medium,Medium,Low,No,Medium,2,No
PRJ_0491,Bridge,Constantine,42,81,3297.47,106.45,298,Medium,Low,Low,No,Medium,1,Yes
PRJ_0492,Pipeline,Constantine,29,57,2819.92,20.05,423,Low,High,Medium,Yes,Medium,1,Yes
PRJ_0493,Building,Ouargla,24,76,3450.84,56.31,697,Medium,Medium,Low,No,Medium,1,No
PRJ_0494,Road,Alger,30,72,3307.51,54.87,330,Medium,High,Low,No,Medium,1,No
PRJ_0495,Bridge,Tlemcen,26,99,629.21,116.35,87,High,Medium,Low,Yes,High,1,No
PRJ_0496,Building,Mostaganem,17,32,4008.6,28.16,482,Low,Low,Low,No,Low,1,No
PRJ_0497,Pipeline,Alger,46,79,660.0,28.23,107,Medium,Medium,High,No,Low,0,Yes
PRJ_0498,Road,Blida,38,69,3507.73,49.43,236,Medium,Low,Low,No,Medium,0,No
PRJ_0499,Industrial Site,Djelfa,9,53,2109.92,16.54,20,Medium,High,Low,No,Low,1,No
PRJ_0500,Industrial Site,Annaba,47,51,2593.56,31.89,154,Medium,High,Low,No,Medium,4,No
PRJ_0501,Pipeline,Setif,12,56,4521.33,125.83,716,Low,High,Low,No,Low,3,No
PRJ_0502,Bridge,Blida,27,92,4454.92,61.38,370,Low,Low,Medium,Yes,Medium,0,Yes
PRJ_0503,Building,Setif,38,58,4098.39,85.84,159,High,Medium,Medium,No,Low,1,No
PRJ_0504,Housing,Mostaganem,22,64,2575.23,97.13,637,Medium,Medium,Medium,No,Medium,1,No
PRJ_0505,Pipeline,Mostaganem,29,61,3694.39,54.04,152,Medium,High,Medium,No,Medium,1,No
PRJ_0506,Road,Setif,39,51,2588.84,27.67,639,Low,Low,Low,No,Low,0,No
PRJ_0507,Industrial Site,Mostaganem,33,35,4354.55,34.79,197,Low,Medium,Medium,No,Medium,4,Yes
PRJ_0508,Housing,Annaba,48,50,2043.74,47.59,377,Low,Medium,Low,No,Low,3,Yes
PRJ_0509,Industrial Site,Oran,46,30,4852.66,86.33,399,Low,Low,Low,No,High,2,Yes
PRJ_0510,Housing,Alger,44,9,4665.0,57.79,677,Medium,Medium,Medium,Yes,High,3,Yes
PRJ_0511,Pipeline,Constantine,27,88,3720.93,10.82,469,High,Medium,High,No,Low,3,No
PRJ_0512,Building,Bejaia,22,56,1433.11,72.81,605,Medium,High,Medium,Yes,High,3,Yes
PRJ_0513,Industrial Site,Setif,39,79,701.69,120.58,482,Medium,High,Low,Yes,Medium,1,Yes
PRJ_0514,Housing,Djelfa,11,58,4280.78,107.45,127,Low,Medium,Low,No,High,0,Yes
PRJ_0515,Road,Blida,11,37,868.25,109.03,141,Medium,Medium,High,Yes,Medium,0,Yes
PRJ_0516,Road,Oran,39,54,4278.59,105.41,36,Low,Medium,Low,Yes,Low,0,Yes
PRJ_0517,Building,Setif,6,42,2479.29,48.85,215,High,High,Low,No,High,1,No
PRJ_0518,Housing,Oran,15,31,2062.46,101.82,346,Medium,High,Low,Yes,Low,0,No
PRJ_0519,Industrial Site,Oran,26,19,4520.79,27.18,337,High,High,Low,No,Low,0,No
PRJ_0520,Road,Setif,10,100,3039.06,88.93,498,High,High,Low,No,Low,1,No
PRJ_0521,Pipeline,Ouargla,7,65,2904.24,86.99,271,Medium,Medium,Medium,Yes,Low,1,No
PRJ_0522,Building,Tlemcen,27,25,2815.89,13.07,522,Medium,High,Medium,No,Medium,4,No
PRJ_0523,Industrial Site,Djelfa,7,50,1887.29,104.56,138,Low,Medium,High,No,Medium,1,Yes
PRJ_0524,Housing,Constantine,15,73,3938.93,118.39,693,Medium,Medium,Low,No,High,1,No
PRJ_0525,Housing,Constantine,39,10,1301.35,42.09,729,High,High,Low,Yes,Low,1,No
PRJ_0526,Bridge,Djelfa,21,42,4697.53,107.49,517,Low,Low,Medium,Yes,High,1,Yes
PRJ_0527,Building,Ouargla,44,66,4475.23,19.89,505,High,Low,Medium,No,High,3,Yes
PRJ_0528,Building,Mostaganem,27,90,1720.53,82.0,64,Medium,Medium,Medium,Yes,Low,1,No
PRJ_0529,Road,Constantine,17,66,3660.85,68.28,333,High,Medium,High,No,Medium,3,No
PRJ_0530,Housing,Oran,29,86,2887.45,75.51,198,High,High,Low,No,High,0,No
PRJ_0531,Housing,Annaba,45,82,1721.36,121.14,437,Medium,Low,High,No,Medium,0,Yes
PRJ_0532,Industrial Site,Blida,43,78,4943.18,114.56,575,Medium,Low,Medium,Yes,Medium,2,No
PRJ_0533,Industrial Site,Alger,15,50,174.92,104.21,97,Medium,Low,Low,No,Medium,2,No
PRJ_0534,Pipeline,Constantine,40,17,1300.6,42.84,345,High,Low,High,No,Medium,0,No
PRJ_0535,Housing,Djelfa,37,99,2624.37,119.42,709,High,Low,Medium,Yes,Low,0,Yes
PRJ_0536,Industrial Site,Annaba,12,98,2633.67,21.7,376,High,Medium,Low,Yes,Medium,1,No
PRJ_0537,Housing,Setif,26,7,2965.22,112.4,435,Medium,Medium,Low,No,Low,2,No
PRJ_0538,Building,Tlemcen,25,98,3770.8,49.38,534,Medium,High,Low,No,Medium,0,No
PRJ_0539,Bridge,Djelfa,31,10,3136.22,16.45,233,High,High,Medium,Yes,High,0,No
PRJ_0540,Road,Mostaganem,9,97,3021.39,90.32,93,Medium,Medium,Low,Yes,Medium,2,No
PRJ_0541,Industrial Site,Oran,27,12,314.9,37.75,582,High,Low,Low,No,High,2,Yes
PRJ_0542,Pipeline,Tlemcen,20,48,1913.82,39.23,598,Medium,Low,Low,Yes,Medium,3,No
PRJ_0543,Building,Blida,45,37,1198.68,46.73,528,Low,High,Medium,Yes,Medium,1,Yes
PRJ_0544,Pipeline,Blida,26,85,1363.58,17.64,351,Medium,Medium,High,Yes,Medium,3,Yes
PRJ_0545,Pipeline,Ouargla,20,79,2793.97,31.26,112,Medium,High,Medium,Yes,High,0,No
PRJ_0546,Building,Bejaia,27,81,1037.55,10.62,707,Low,High,Low,No,Medium,0,No
PRJ_0547,Road,Ouargla,33,54,1505.05,63.45,676,Low,High,High,No,Low,0,Yes
PRJ_0548,Pipeline,Mostaganem,19,15,1223.57,20.11,538,Medium,High,Medium,No,High,1,No
PRJ_0549,Bridge,Annaba,32,99,4745.09,91.92,288,Low,Medium,High,No,Medium,0,Yes
PRJ_0550,Housing,Tlemcen,46,32,4726.1,38.27,395,Medium,Medium,Low,Yes,Low,0,No
PRJ_0551,Bridge,Bejaia,45,74,3069.21,123.23,23,High,High,Low,Yes,Medium,1,Yes
PRJ_0552,Housing,Setif,33,45,4626.39,114.55,157,High,Medium,Medium,No,High,0,No
PRJ_0553,Pipeline,Oran,31,20,3939.77,44.73,250,High,Low,Low,No,Medium,1,Yes
PRJ_0554,Pipeline,Tlemcen,7,72,2970.24,103.99,619,High,Medium,Medium,No,Medium,0,No
PRJ_0555,Housing,Ouargla,30,52,81.85,106.39,548,Medium,Medium,High,No,High,2,No
PRJ_0556,Building,Alger,8,60,3873.96,128.39,71,Medium,High,High,No,Medium,0,No
PRJ_0557,Road,Batna,13,68,3527.32,81.74,665,Medium,Medium,High,No,Medium,1,No
PRJ_0558,Road,Bejaia,38,63,3095.51,19.84,742,High,Medium,Medium,No,Low,0,No
PRJ_0559,Housing,Bejaia,47,94,3814.1,87.62,344,Medium,High,Low,No,Low,0,Yes
PRJ_0560,Pipeline,Mostaganem,40,66,2588.96,85.0,750,Low,High,Low,No,Medium,0,No
PRJ_0561,Pipeline,Oran,11,80,3535.21,86.6,736,High,Medium,Medium,Yes,High,3,Yes
PRJ_0562,Road,Constantine,44,15,4679.1,46.86,742,Low,Medium,Medium,No,Low,1,Yes
PRJ_0563,Road,Blida,28,93,1910.23,113.16,296,Medium,Medium,Low,No,Medium,1,No
PRJ_0564,Road,Blida,30,22,3555.2,125.14,555,Low,Medium,Low,No,Low,2,Yes
PRJ_0565,Building,Alger,48,23,2404.65,36.13,505,Medium,Low,Medium,No,Medium,2,Yes
PRJ_0566,Pipeline,Annaba,24,91,3388.28,20.58,535,Medium,Medium,Medium,Yes,Low,0,Yes
PRJ_0567,Building,Mostaganem,10,59,3826.32,33.34,171,Low,High,High,No,Low,3,No
PRJ_0568,Bridge,Annaba,16,86,274.99,108.47,502,Medium,Medium,Medium,Yes,Low,0,No
PRJ_0569,Industrial Site,Setif,17,30,3250.67,91.2,278,Medium,Medium,Medium,No,Medium,1,No
PRJ_0570,Building,Tlemcen,15,10,1172.37,86.33,343,High,Low,Medium,No,Medium,2,No
PRJ_0571,Bridge,Batna,13,8,3366.66,58.22,187,High,Medium,High,No,Low,1,No
PRJ_0572,Housing,Djelfa,29,33,2368.23,79.34,707,Medium,High,Medium,Yes,High,0,Yes
PRJ_0573,Building,Constantine,33,63,3879.09,46.94,329,High,Medium,High,No,Low,3,No
PRJ_0574,Pipeline,Ouargla,46,21,660.83,67.26,498,Medium,Low,High,Yes,Medium,0,Yes
PRJ_0575,Housing,Djelfa,41,47,3150.3,105.17,75,Medium,Medium,High,No,High,3,No
PRJ_0576,Industrial Site,Djelfa,42,84,1428.43,127.75,639,Low,High,Low,No,Medium,3,No
PRJ_0577,Road,Mostaganem,26,70,4272.26,121.9,492,Medium,Medium,Low,Yes,Medium,0,No
PRJ_0578,Industrial Site,Bejaia,13,38,4645.5,122.06,315,Medium,Low,Low,Yes,Low,0,Yes
PRJ_0579,Bridge,Alger,14,12,4982.17,58.27,480,Low,Medium,Low,No,Medium,0,No
PRJ_0580,Building,Blida,20,17,3990.24,66.25,343,Medium,High,Low,No,Medium,3,Yes
PRJ_0581,Bridge,Setif,45,12,3780.98,94.68,160,High,Medium,Low,No,High,2,No
PRJ_0582,Industrial Site,Annaba,23,98,1116.73,120.66,686,Medium,Medium,Low,No,Low,1,No
PRJ_0583,Bridge,Batna,47,100,1713.23,27.04,281,Low,Medium,Medium,Yes,Medium,0,No
PRJ_0584,Building,Mostaganem,25,98,2355.13,46.51,439,Medium,Medium,Medium,No,Medium,0,No
PRJ_0585,Pipeline,Alger,11,69,3878.24,26.71,763,Medium,High,Low,No,High,2,No
PRJ_0586,Building,Bejaia,17,47,4579.08,83.44,260,Medium,High,Medium,Yes,Low,3,Yes
PRJ_0587,Road,Ouargla,7,43,986.24,46.76,374,Medium,Medium,Medium,Yes,High,2,Yes
PRJ_0588,Road,Setif,12,85,4615.72,49.13,789,Medium,Medium,Medium,No,Low,1,No
PRJ_0589,Road,Mostaganem,21,63,3493.34,18.51,780,High,Low,High,Yes,Medium,0,Yes
PRJ_0590,Road,Bejaia,8,88,3073.32,51.98,608,Low,Medium,Low,No,Low,1,No
PRJ_0591,Road,Batna,8,92,1039.21,113.5,199,High,Medium,Low,No,Medium,1,No
PRJ_0592,Pipeline,Blida,32,90,324.85,37.97,85,Medium,Low,Low,Yes,Medium,0,Yes
PRJ_0593,Road,Blida,48,97,2863.9,93.42,367,Medium,Low,Low,No,Low,0,No
PRJ_0594,Building,Mostaganem,45,90,3275.0,85.56,190,Medium,Low,Medium,No,Low,2,No
PRJ_0595,Housing,Blida,43,48,1093.37,113.62,493,Low,High,Low,No,Low,0,No
PRJ_0596,Bridge,Alger,38,13,2804.46,25.87,553,Low,High,Low,Yes,High,1,Yes
PRJ_0597,Pipeline,Alger,33,41,4289.64,127.31,386,Medium,High,Low,No,High,1,No
PRJ_0598,Road,Annaba,6,78,4183.58,79.92,126,High,Low,Low,No,Medium,3,No
PRJ_0599,Road,Mostaganem,13,40,4640.41,129.46,458,High,High,Medium,No,Low,0,No
PRJ_0600,Road,Annaba,42,96,1861.13,119.38,246,Medium,Low,Medium,No,Medium,0,Yes
PRJ_0601,Road,Mostaganem,37,32,1624.35,36.58,463,Low,Medium,Low,No,Medium,3,Yes
PRJ_0602,Building,Ouargla,48,46,3759.66,16.74,461,Medium,High,Low,Yes,High,1,Yes
PRJ_0603,Road,Mostaganem,42,47,2184.01,40.68,415,Medium,Medium,Low,No,Medium,1,No
PRJ_0604,Road,Batna,9,89,483.37,73.31,747,High,Medium,Low,No,High,0,No
PRJ_0605,Road,Setif,35,92,1449.87,30.59,600,High,Low,High,No,High,1,No
PRJ_0606,Bridge,Oran,11,46,2121.98,30.1,103,High,Low,Low,No,High,0,No
PRJ_0607,Road,Oran,24,70,1497.96,65.51,634,Medium,Medium,Medium,Yes,Low,0,No
PRJ_0608,Building,Bejaia,37,59,1694.42,13.99,570,Medium,Medium,High,No,Low,0,No
PRJ_0609,Bridge,Blida,14,76,1504.19,24.63,32,Medium,High,Low,No,Medium,0,No
PRJ_0610,Pipeline,Setif,17,52,255.42,59.9,712,High,Medium,Low,No,Medium,1,No
PRJ_0611,Road,Djelfa,16,95,3203.62,17.58,512,Low,Medium,High,No,Low,3,Yes
PRJ_0612,Housing,Alger,21,26,3006.6,57.61,287,Low,Low,High,No,Low,1,Yes
PRJ_0613,Pipeline,Tlemcen,6,31,3284.25,66.88,544,Low,Low,Medium,Yes,Medium,3,Yes
PRJ_0614,Road,Constantine,26,97,1001.93,64.15,139,High,High,Medium,No,Medium,1,No
PRJ_0615,Housing,Ouargla,35,71,1513.49,114.3,372,Medium,Low,High,Yes,Low,0,Yes
PRJ_0616,Industrial Site,Blida,18,17,3117.1,73.61,76,Medium,Medium,Low,No,Medium,2,No
PRJ_0617,Road,Blida,39,49,3018.16,66.16,59,High,Low,High,No,Medium,0,Yes
PRJ_0618,Building,Batna,9,14,2556.34,59.29,355,High,High,Medium,No,Medium,1,No
PRJ_0619,Housing,Blida,33,13,1784.55,108.11,659,Medium,High,Medium,Yes,Low,0,Yes
PRJ_0620,Housing,Alger,43,58,4569.01,117.41,192,Low,Medium,High,No,Medium,1,Yes
PRJ_0621,Road,Alger,36,31,1731.86,112.39,566,High,Medium,High,No,Medium,3,Yes
PRJ_0622,Road,Constantine,32,38,2305.31,90.83,278,High,Medium,Low,No,Low,2,No
PRJ_0623,Building,Mostaganem,10,5,3406.66,26.48,536,Medium,Medium,Low,Yes,Medium,2,Yes
PRJ_0624,Bridge,Djelfa,30,36,2737.96,43.22,749,Medium,Low,Medium,No,Medium,1,No
PRJ_0625,Pipeline,Setif,8,93,1767.09,15.53,542,Medium,High,Medium,No,Low,0,No
PRJ_0626,Building,Blida,38,97,2206.44,121.7,136,High,Low,Medium,Yes,Medium,0,Yes
PRJ_0627,Bridge,Oran,9,75,3982.68,89.3,203,Medium,High,High,Yes,Low,1,No
PRJ_0628,Housing,Annaba,30,71,1426.74,99.56,135,Medium,Medium,High,No,Low,0,No
PRJ_0629,Road,Batna,25,88,754.16,47.39,181,Low,Low,Low,No,High,4,Yes
PRJ_0630,Building,Batna,39,24,1600.16,111.48,598,High,Medium,Low,No,Low,3,Yes
PRJ_0631,Pipeline,Oran,31,98,4255.19,41.15,731,Medium,Medium,Medium,No,High,1,Yes
PRJ_0632,Housing,Bejaia,10,39,490.5,10.2,562,Low,Medium,Medium,Yes,Medium,3,Yes
PRJ_0633,Bridge,Oran,40,95,4958.9,55.17,606,Medium,Medium,Medium,No,Low,1,No
PRJ_0634,Bridge,Bejaia,33,94,2727.96,78.49,256,Medium,Medium,Medium,Yes,Low,1,Yes
PRJ_0635,Road,Tlemcen,34,82,4924.99,67.44,85,Medium,Medium,Medium,No,Medium,0,No
PRJ_0636,Bridge,Annaba,14,21,4698.03,113.45,89,High,Low,Low,No,Medium,2,Yes
PRJ_0637,Bridge,Batna,43,22,2291.43,22.65,466,Medium,Medium,Low,No,Low,2,No
PRJ_0638,Building,Oran,11,49,1032.53,76.46,435,High,Medium,Medium,Yes,Low,0,No
PRJ_0639,Building,Tlemcen,24,97,866.18,71.56,551,Low,Medium,Low,No,Medium,2,Yes
PRJ_0640,Building,Mostaganem,16,88,1237.95,43.77,460,Low,Medium,Low,No,Low,0,No
PRJ_0641,Road,Ouargla,7,57,3565.16,108.67,757,Low,Medium,Low,No,High,2,Yes
PRJ_0642,Building,Setif,14,95,1401.1,100.34,483,Medium,High,Medium,Yes,Medium,1,Yes
PRJ_0643,Road,Tlemcen,26,86,1740.06,97.94,415,Medium,High,Low,Yes,Medium,1,No
PRJ_0644,Building,Setif,29,72,2271.46,115.14,730,High,Medium,High,No,Low,1,No
PRJ_0645,Road,Oran,39,69,4570.5,96.73,570,High,Medium,Medium,No,Low,4,No
PRJ_0646,Housing,Djelfa,27,5,987.5,37.82,676,Medium,Medium,Medium,Yes,High,1,Yes
PRJ_0647,Pipeline,Mostaganem,8,62,74.88,94.67,576,High,High,Medium,Yes,Low,1,No
PRJ_0648,Pipeline,Tlemcen,17,30,347.48,46.92,414,Medium,Low,Low,No,Low,1,Yes
PRJ_0649,Housing,Annaba,33,24,4528.59,39.06,345,High,Medium,Medium,No,Medium,3,No
PRJ_0650,Bridge,Oran,35,91,3255.21,18.76,110,Medium,High,High,No,Low,1,No
PRJ_0651,Road,Blida,31,14,1401.55,99.28,769,Medium,Low,Medium,No,Medium,2,No
PRJ_0652,Bridge,Alger,26,63,927.1,95.32,89,High,Low,High,Yes,High,0,Yes
PRJ_0653,Pipeline,Tlemcen,33,79,1506.62,38.14,185,Medium,Medium,Medium,No,Medium,1,No
PRJ_0654,Housing,Annaba,31,45,618.24,99.93,661,Low,Medium,Low,No,High,0,Yes
PRJ_0655,Bridge,Ouargla,38,9,4710.59,120.14,233,Medium,High,Low,No,High,0,Yes
PRJ_0656,Road,Blida,26,69,3931.82,22.96,620,Medium,High,Medium,Yes,Low,1,No
PRJ_0657,Building,Ouargla,40,21,2338.84,37.92,354,High,Low,Low,No,Medium,1,No
PRJ_0658,Building,Oran,39,26,4331.56,100.03,783,Medium,Low,Low,No,Medium,1,Yes
PRJ_0659,Pipeline,Alger,46,45,1284.82,42.94,388,High,Medium,High,No,Medium,2,Yes
PRJ_0660,Pipeline,Tlemcen,23,97,3599.75,84.96,603,Medium,Medium,Low,No,Low,2,No
PRJ_0661,Building,Tlemcen,16,72,4287.86,19.74,696,Medium,Medium,Low,No,High,3,No
PRJ_0662,Industrial Site,Djelfa,28,73,1816.01,64.26,68,High,Low,High,Yes,Medium,1,Yes
PRJ_0663,Pipeline,Batna,27,15,3799.45,98.69,71,Medium,Medium,High,No,Medium,1,Yes
PRJ_0664,Building,Djelfa,22,60,1510.61,92.38,308,High,Medium,Low,No,Medium,0,No
PRJ_0665,Road,Oran,10,55,1529.34,107.81,645,Medium,Medium,High,No,Medium,0,Yes
PRJ_0666,Road,Oran,16,25,579.93,115.29,258,Medium,Medium,High,No,High,5,No
PRJ_0667,Building,Alger,35,80,2228.29,102.78,152,Low,Medium,Low,No,Medium,2,Yes
PRJ_0668,Road,Djelfa,20,30,3662.07,90.59,185,Medium,Medium,Low,No,Low,7,No
PRJ_0669,Road,Annaba,32,23,4704.09,13.81,393,Medium,Low,Low,No,Low,0,No
PRJ_0670,Building,Annaba,40,64,3038.8,74.2,392,High,Low,Medium,No,High,2,No
PRJ_0671,Road,Alger,38,75,4322.52,14.52,497,Low,Medium,Low,Yes,Medium,1,Yes
PRJ_0672,Housing,Mostaganem,25,51,4121.35,106.97,774,Low,Medium,High,No,High,0,Yes
PRJ_0673,Road,Batna,21,75,908.05,48.49,498,Low,Medium,Medium,No,Low,2,No
PRJ_0674,Bridge,Annaba,39,30,2454.8,77.49,669,Low,Medium,Medium,No,Low,0,No
PRJ_0675,Building,Bejaia,7,44,628.77,43.53,610,Medium,Medium,High,Yes,Low,1,No
PRJ_0676,Industrial Site,Setif,40,9,3426.66,103.9,701,High,High,High,No,Medium,1,Yes
PRJ_0677,Road,Alger,45,25,4752.0,116.38,654,High,Medium,Low,Yes,Medium,1,Yes
PRJ_0678,Building,Alger,33,82,728.59,57.84,707,High,Low,Low,No,Low,0,No
PRJ_0679,Industrial Site,Constantine,44,8,3682.72,113.55,319,High,Low,Medium,Yes,Medium,2,Yes
PRJ_0680,Housing,Blida,11,27,3179.58,42.05,101,Medium,Medium,Low,No,Medium,0,No
PRJ_0681,Housing,Blida,14,88,2938.84,74.16,106,High,Medium,Medium,No,Low,1,No
PRJ_0682,Building,Bejaia,25,19,1981.1,113.05,244,Low,Low,Medium,No,Medium,0,Yes
PRJ_0683,Road,Djelfa,6,97,1807.9,49.11,35,Medium,Medium,High,No,Medium,2,No
PRJ_0684,Pipeline,Mostaganem,13,12,273.98,124.49,377,Medium,Low,Low,Yes,Low,1,Yes
PRJ_0685,Industrial Site,Oran,28,45,1128.65,24.63,182,Low,Medium,Medium,No,Low,1,No
PRJ_0686,Pipeline,Oran,8,23,125.13,12.19,629,High,Medium,Low,Yes,Low,1,Yes
PRJ_0687,Pipeline,Ouargla,9,50,2928.01,118.5,687,Medium,High,Medium,No,Medium,2,No
PRJ_0688,Building,Bejaia,30,32,573.97,18.24,533,High,Low,Low,No,High,1,Yes
PRJ_0689,Housing,Alger,43,95,4371.45,129.03,369,Medium,High,High,No,Medium,2,No
PRJ_0690,Road,Bejaia,20,72,2639.56,124.17,700,Low,High,Low,No,Low,1,No
PRJ_0691,Building,Bejaia,26,19,3513.47,26.44,483,High,Medium,Medium,Yes,High,1,No
PRJ_0692,Bridge,Bejaia,40,41,2083.74,74.51,394,Medium,Low,Low,No,High,2,No
PRJ_0693,Bridge,Blida,19,5,2824.87,32.19,111,Medium,Medium,Low,No,Medium,2,No
PRJ_0694,Building,Bejaia,41,71,4716.16,61.38,200,Low,High,Medium,Yes,High,2,Yes
PRJ_0695,Road,Batna,17,28,459.53,17.37,762,Medium,High,Low,No,Medium,0,No
PRJ_0696,Pipeline,Setif,22,31,1306.99,36.87,320,Medium,Medium,Low,No,Medium,0,No
PRJ_0697,Building,Oran,44,44,3910.94,53.59,679,Medium,High,Low,No,Medium,2,No
PRJ_0698,Pipeline,Ouargla,14,67,538.75,62.64,208,High,Low,Medium,No,Medium,0,No
PRJ_0699,Road,Setif,40,65,424.52,127.3,333,High,Low,Medium,No,Low,2,No
PRJ_0700,Bridge,Ouargla,18,40,1839.63,106.94,512,High,High,Low,No,High,0,No
PRJ_0701,Bridge,Constantine,20,97,506.23,98.49,147,High,High,Medium,No,High,4,No
PRJ_0702,Road,Ouargla,23,28,2946.14,74.44,538,Medium,Medium,Low,Yes,Medium,0,No
PRJ_0703,Building,Oran,38,28,1170.06,110.8,445,Medium,High,Medium,No,Low,3,Yes
PRJ_0704,Road,Oran,11,8,4483.7,50.72,578,Low,High,Low,Yes,Low,2,Yes
PRJ_0705,Road,Bejaia,32,71,3928.33,95.07,584,Low,High,Medium,No,Low,2,No
PRJ_0706,Industrial Site,Tlemcen,28,38,3513.54,129.25,206,High,High,Low,No,Low,2,No
PRJ_0707,Building,Constantine,32,61,3103.87,47.76,569,Medium,High,High,No,Medium,3,Yes
PRJ_0708,Housing,Batna,39,53,4324.16,90.88,472,Medium,Low,Low,No,High,1,No
PRJ_0709,Building,Alger,43,91,1154.16,111.32,490,Medium,High,Low,No,Low,1,No
PRJ_0710,Pipeline,Annaba,19,57,4371.89,119.9,757,Medium,Low,Low,Yes,Low,0,Yes
PRJ_0711,Housing,Ouargla,41,27,3957.99,96.15,584,Low,High,High,Yes,Medium,3,Yes
PRJ_0712,Pipeline,Tlemcen,13,73,3753.4,44.03,243,Low,Medium,Medium,No,Low,1,No
PRJ_0713,Bridge,Bejaia,40,99,2828.22,49.15,173,Low,Medium,Medium,No,High,0,Yes
PRJ_0714,Building,Blida,24,57,1268.91,12.49,579,Medium,Medium,High,No,Low,3,No
PRJ_0715,Building,Alger,35,66,2146.56,101.31,370,Medium,Low,High,No,Low,1,Yes
PRJ_0716,Industrial Site,Mostaganem,19,45,3978.17,15.13,166,Low,Medium,Medium,No,Low,1,No
PRJ_0717,Housing,Djelfa,25,61,207.3,113.76,595,High,High,Low,Yes,Low,4,Yes
PRJ_0718,Industrial Site,Tlemcen,30,64,3921.15,24.24,368,Low,High,High,No,Medium,1,Yes
PRJ_0719,Road,Blida,45,58,1238.35,30.63,201,Medium,Medium,Low,Yes,Low,0,No
PRJ_0720,Housing,Constantine,29,74,764.33,67.18,656,High,High,Medium,No,Medium,2,No
PRJ_0721,Industrial Site,Mostaganem,19,61,622.72,98.55,198,Medium,High,Medium,No,Medium,0,No
PRJ_0722,Road,Bejaia,31,14,184.89,26.68,58,High,Medium,Medium,No,Low,0,No
PRJ_0723,Road,Alger,43,44,2641.75,62.81,791,High,Low,Medium,No,Low,0,Yes
PRJ_0724,Housing,Alger,28,11,1130.39,67.94,22,Medium,High,Medium,No,Medium,0,No
PRJ_0725,Pipeline,Alger,27,42,4947.69,35.47,83,High,Medium,High,No,Medium,0,No
PRJ_0726,Housing,Constantine,24,89,2893.46,23.87,48,High,High,Low,Yes,High,2,No
PRJ_0727,Road,Mostaganem,8,65,732.53,110.37,391,Medium,High,Low,Yes,Low,1,Yes
PRJ_0728,Housing,Ouargla,47,88,3459.37,70.3,542,Medium,High,Medium,No,Low,2,No
PRJ_0729,Road,Djelfa,24,7,4493.83,11.73,116,High,Medium,High,Yes,Low,2,No
PRJ_0730,Road,Batna,14,55,3738.64,106.36,461,High,Medium,Low,No,Medium,1,No
PRJ_0731,Road,Constantine,33,90,428.38,127.7,222,Low,Medium,Low,Yes,Medium,0,Yes
PRJ_0732,Housing,Annaba,25,51,4484.63,82.71,430,Medium,Medium,Low,No,High,0,No
PRJ_0733,Pipeline,Djelfa,12,72,3979.95,70.45,40,High,Low,Low,No,Medium,2,No
PRJ_0734,Bridge,Oran,19,96,833.6,115.41,570,Medium,Medium,High,No,Low,2,Yes
PRJ_0735,Building,Bejaia,14,80,306.34,124.3,754,Medium,Medium,Medium,No,Medium,1,No
PRJ_0736,Housing,Constantine,24,42,2808.69,100.54,121,High,High,Medium,No,High,2,Yes
PRJ_0737,Building,Blida,19,40,822.38,63.45,65,Medium,Low,Medium,No,Low,1,No
PRJ_0738,Housing,Djelfa,43,45,4181.23,81.07,85,Medium,Medium,Medium,No,Medium,1,No
PRJ_0739,Bridge,Annaba,41,73,1823.76,94.11,622,High,Low,Low,No,High,1,Yes
PRJ_0740,Building,Oran,45,17,4568.82,33.31,183,High,Low,Low,No,Medium,2,Yes
PRJ_0741,Bridge,Ouargla,22,91,2850.16,63.66,130,Medium,Low,Medium,No,Medium,4,No
PRJ_0742,Building,Mostaganem,35,62,954.23,109.58,357,Medium,High,Low,No,Low,5,No
PRJ_0743,Housing,Blida,14,54,741.01,88.57,142,Medium,Low,Low,No,Medium,1,No
PRJ_0744,Bridge,Djelfa,38,34,2903.54,59.34,724,High,High,Low,Yes,Low,0,Yes
PRJ_0745,Building,Bejaia,30,66,3821.32,89.6,466,Low,Medium,Low,No,Medium,1,No
PRJ_0746,Housing,Mostaganem,19,29,3918.45,24.19,630,Medium,High,Low,No,Low,0,No
PRJ_0747,Building,Blida,16,31,1415.0,58.18,310,Medium,High,Medium,No,High,3,No
PRJ_0748,Bridge,Oran,40,55,1061.02,105.18,690,High,High,Low,No,High,1,No
PRJ_0749,Industrial Site,Blida,46,82,132.94,36.46,431,Low,High,High,No,Medium,1,Yes
PRJ_0750,Pipeline,Mostaganem,19,61,3412.04,32.32,634,Medium,High,Low,No,Low,1,No
PRJ_0751,Road,Setif,35,51,429.01,124.1,300,Low,High,Medium,No,Low,1,No
PRJ_0752,Industrial Site,Batna,46,43,2132.77,35.19,62,High,Medium,High,Yes,Medium,0,Yes
PRJ_0753,Pipeline,Tlemcen,9,20,3028.33,41.31,505,Low,Low,High,No,Medium,1,Yes
PRJ_0754,Building,Ouargla,9,26,4688.69,126.35,615,Medium,Medium,High,Yes,Medium,1,Yes
PRJ_0755,Road,Oran,33,89,1593.42,98.17,722,Medium,Medium,Low,No,Low,1,No
PRJ_0756,Housing,Mostaganem,13,58,1286.37,93.95,70,High,Medium,Low,No,Medium,0,No
PRJ_0757,Pipeline,Batna,7,25,3288.09,112.35,229,Medium,Medium,Low,No,Medium,2,No
PRJ_0758,Bridge,Batna,46,76,3115.23,23.9,145,Low,High,Low,No,Medium,0,No
PRJ_0759,Housing,Blida,27,20,1693.94,94.71,511,Medium,High,Low,No,Medium,1,No
PRJ_0760,Housing,Tlemcen,46,63,4644.1,70.44,528,High,Medium,High,No,Medium,1,No
PRJ_0761,Road,Batna,21,35,4232.07,109.5,600,Medium,Medium,Medium,No,Low,0,No
PRJ_0762,Building,Tlemcen,34,46,1158.71,70.98,796,High,High,Medium,Yes,Low,0,No
PRJ_0763,Building,Blida,35,78,1233.76,84.43,277,High,Medium,High,Yes,Medium,3,No
PRJ_0764,Housing,Mostaganem,17,36,2585.89,67.33,207,Low,High,Medium,No,Low,3,Yes
PRJ_0765,Road,Bejaia,40,63,3879.18,67.38,249,Medium,Medium,Medium,Yes,Medium,1,No
PRJ_0766,Pipeline,Setif,16,38,268.0,102.16,208,Medium,Medium,Medium,No,Medium,1,Yes
PRJ_0767,Housing,Batna,26,13,3482.01,85.43,434,Medium,Medium,Low,No,High,2,Yes
PRJ_0768,Housing,Constantine,26,85,3258.77,85.99,29,Medium,High,Low,No,Medium,0,Yes
PRJ_0769,Building,Setif,10,15,1195.83,64.03,133,Medium,Medium,High,No,Low,1,No
PRJ_0770,Housing,Blida,25,100,3422.7,73.73,95,High,Low,High,No,Low,1,No
PRJ_0771,Road,Ouargla,42,14,4703.91,99.49,695,Low,Medium,High,Yes,High,2,Yes
PRJ_0772,Housing,Constantine,8,90,281.59,109.11,521,High,Medium,Medium,No,Low,0,No
PRJ_0773,Road,Oran,38,21,1632.28,93.59,104,Low,High,High,No,Medium,0,Yes
PRJ_0774,Building,Setif,14,72,2218.97,120.89,68,Low,High,Low,Yes,Medium,1,Yes
PRJ_0775,Housing,Blida,14,52,4501.34,108.44,514,High,Medium,Low,No,Low,1,No
PRJ_0776,Road,Setif,9,56,4813.19,77.42,708,Medium,Medium,Low,No,Low,2,No
PRJ_0777,Building,Batna,40,29,2248.37,90.57,406,High,Medium,Medium,No,Medium,1,No
PRJ_0778,Housing,Mostaganem,22,25,3762.64,121.16,408,Low,High,Low,No,High,2,Yes
PRJ_0779,Housing,Constantine,39,69,2681.72,84.3,237,Medium,High,Low,No,Low,2,No
PRJ_0780,Pipeline,Annaba,29,67,2712.03,108.98,720,High,Medium,Low,No,High,0,Yes
PRJ_0781,Pipeline,Djelfa,37,93,1426.59,92.66,365,Medium,High,Medium,No,Medium,5,No
PRJ_0782,Bridge,Setif,6,55,1123.93,76.23,249,Medium,Medium,Medium,Yes,High,2,Yes
PRJ_0783,Building,Oran,13,40,1475.63,39.02,274,High,High,Medium,Yes,Low,1,No
PRJ_0784,Building,Oran,28,85,2803.82,61.12,255,Medium,High,Low,No,Low,2,No
PRJ_0785,Road,Alger,45,92,194.32,126.13,45,High,High,Medium,No,High,0,Yes
PRJ_0786,Industrial Site,Setif,17,70,4540.88,88.93,603,High,High,Medium,No,High,3,No
PRJ_0787,Pipeline,Djelfa,17,19,823.6,77.73,280,High,Medium,Medium,Yes,Medium,1,No
PRJ_0788,Building,Bejaia,20,100,1139.44,121.95,785,Low,High,Low,No,Medium,2,No
PRJ_0789,Bridge,Batna,46,43,2615.47,80.38,290,Medium,Medium,Medium,No,High,1,Yes
PRJ_0790,Industrial Site,Tlemcen,24,74,3565.07,73.13,142,High,Medium,High,Yes,Low,1,Yes
PRJ_0791,Road,Mostaganem,31,5,523.86,101.12,675,Low,Medium,Low,Yes,Medium,1,Yes
PRJ_0792,Pipeline,Djelfa,34,27,1622.59,95.52,276,Low,High,Low,No,High,2,No
PRJ_0793,Bridge,Tlemcen,27,43,4844.94,33.18,675,Medium,Low,Low,No,Medium,2,No
PRJ_0794,Pipeline,Tlemcen,45,61,1348.6,66.56,440,Low,Medium,Medium,No,Low,2,No
PRJ_0795,Road,Annaba,26,85,1599.6,66.7,278,High,Medium,Low,No,Medium,2,No
PRJ_0796,Housing,Alger,43,38,4190.67,55.39,66,High,Low,Low,No,Low,1,Yes
PRJ_0797,Industrial Site,Djelfa,25,45,298.56,72.08,544,Medium,Low,Low,No,Low,1,Yes
PRJ_0798,Pipeline,Djelfa,34,97,2349.84,59.57,227,Low,High,High,No,High,2,Yes
PRJ_0799,Pipeline,Annaba,9,77,1929.1,33.92,330,High,High,Medium,No,Medium,1,No
PRJ_0800,Industrial Site,Setif,12,17,1617.1,59.48,766,Medium,Medium,Medium,No,High,0,No
PRJ_0801,Pipeline,Setif,33,74,1464.21,18.67,168,High,High,High,No,High,1,No
PRJ_0802,Road,Setif,33,10,502.3,79.09,457,Medium,High,Low,No,Low,0,No
PRJ_0803,Pipeline,Ouargla,9,88,1608.39,112.44,174,Medium,Medium,High,Yes,Low,0,Yes
PRJ_0804,Pipeline,Tlemcen,27,56,263.11,97.03,697,Medium,High,Medium,No,Low,2,No
PRJ_0805,Bridge,Ouargla,17,7,3915.77,53.25,109,High,High,Low,No,Low,0,No
PRJ_0806,Housing,Alger,8,85,2021.23,20.45,717,Medium,Medium,High,No,Medium,3,Yes
PRJ_0807,Industrial Site,Mostaganem,27,67,2247.32,34.26,377,Medium,Medium,High,No,Medium,2,No
PRJ_0808,Industrial Site,Annaba,7,53,4473.29,75.46,193,Low,High,High,No,Medium,3,Yes
PRJ_0809,Bridge,Djelfa,29,80,3307.37,34.85,236,High,Medium,Low,Yes,Low,0,Yes
PRJ_0810,Road,Batna,39,51,89.89,75.28,475,High,Low,High,No,Medium,2,No
PRJ_0811,Industrial Site,Tlemcen,32,59,4718.72,37.79,795,Medium,Medium,High,Yes,Medium,1,No
PRJ_0812,Housing,Ouargla,46,68,1223.87,111.87,628,Medium,Medium,Low,No,Medium,1,Yes
PRJ_0813,Road,Ouargla,6,69,582.69,57.67,648,Medium,High,Low,No,Low,2,Yes
PRJ_0814,Industrial Site,Blida,13,85,3852.23,39.47,218,Medium,Medium,Low,Yes,Medium,3,No
PRJ_0815,Housing,Ouargla,28,71,2527.36,107.48,505,Low,Medium,High,No,Low,0,Yes
PRJ_0816,Bridge,Mostaganem,43,94,2197.16,51.14,552,Medium,Medium,Medium,No,Medium,2,No
PRJ_0817,Pipeline,Bejaia,11,19,1285.04,23.38,219,Medium,Medium,Low,No,Medium,1,No
PRJ_0818,Building,Djelfa,27,36,2759.98,78.45,390,Low,Medium,Low,No,Low,2,No
PRJ_0819,Road,Bejaia,30,100,1408.2,79.79,467,Medium,Medium,Low,Yes,Medium,0,No
PRJ_0820,Building,Djelfa,23,72,4512.84,95.76,267,High,High,Medium,Yes,Low,1,No
PRJ_0821,Housing,Annaba,22,22,1115.26,38.83,283,Medium,Low,Low,Yes,Low,2,Yes
PRJ_0822,Road,Djelfa,17,87,4427.56,63.25,77,Medium,Medium,High,No,Low,0,No
PRJ_0823,Building,Bejaia,11,47,2819.06,43.88,321,Medium,Medium,Medium,No,High,1,No
PRJ_0824,Building,Djelfa,31,39,4151.02,19.71,50,Medium,Medium,Medium,No,Medium,1,No
PRJ_0825,Bridge,Annaba,32,82,3578.59,115.19,517,Low,Medium,Low,Yes,High,3,Yes
PRJ_0826,Industrial Site,Annaba,13,62,3498.64,97.46,268,High,Medium,Low,No,Medium,1,No
PRJ_0827,Building,Alger,24,37,1655.51,46.18,624,Low,High,Medium,No,Medium,2,Yes
PRJ_0828,Building,Djelfa,47,18,1207.79,81.92,796,Medium,Medium,Low,Yes,Medium,1,Yes
PRJ_0829,Housing,Batna,6,38,1093.89,34.15,290,Medium,High,Low,No,Low,0,No
PRJ_0830,Bridge,Blida,34,65,4293.1,116.83,625,High,Low,High,No,Low,1,Yes
PRJ_0831,Building,Setif,40,8,4111.11,23.79,685,Medium,High,Low,Yes,Low,1,No
PRJ_0832,Bridge,Oran,45,92,2230.84,10.46,413,Medium,Medium,Low,No,Medium,0,No
PRJ_0833,Road,Annaba,19,63,705.4,70.24,521,Low,High,Low,No,Low,0,No
PRJ_0834,Road,Constantine,40,33,1942.15,79.98,611,Medium,Medium,Low,No,Low,2,No
PRJ_0835,Bridge,Setif,25,87,3115.75,79.48,103,High,Medium,High,No,Low,0,No
PRJ_0836,Building,Mostaganem,18,10,2299.3,16.54,384,High,Medium,Low,Yes,Medium,2,No
PRJ_0837,Industrial Site,Tlemcen,43,53,3911.94,47.69,568,Low,High,Low,No,Medium,1,No
PRJ_0838,Building,Djelfa,13,44,4988.23,69.9,361,Medium,Medium,Medium,No,High,1,No
PRJ_0839,Pipeline,Bejaia,48,87,996.1,35.99,426,High,Medium,Low,No,Low,0,No
PRJ_0840,Pipeline,Oran,25,69,2325.27,114.72,444,Medium,High,Low,Yes,Low,2,Yes
PRJ_0841,Road,Constantine,38,73,2183.37,20.45,763,Medium,Medium,Low,No,Medium,2,No
PRJ_0842,Pipeline,Setif,31,31,1557.24,68.49,112,High,High,Low,No,High,2,No
PRJ_0843,Road,Djelfa,44,84,1030.57,92.97,633,High,Medium,Low,No,Low,1,No
PRJ_0844,Industrial Site,Alger,26,10,375.18,41.41,431,Medium,High,Low,No,Medium,1,No
PRJ_0845,Road,Tlemcen,47,17,4441.24,84.91,451,Medium,Medium,High,No,Medium,3,Yes
PRJ_0846,Building,Oran,48,68,2128.25,109.53,697,Medium,Medium,Low,No,Low,0,No
PRJ_0847,Road,Blida,46,66,2509.63,32.84,178,High,Medium,Medium,No,Low,0,No
PRJ_0848,Industrial Site,Alger,14,23,4588.86,120.07,33,Medium,High,Medium,No,Low,3,Yes
PRJ_0849,Bridge,Constantine,29,80,3892.64,76.43,392,Low,Medium,Medium,Yes,High,3,Yes
PRJ_0850,Pipeline,Mostaganem,42,84,695.98,45.91,244,Medium,Medium,Low,No,Medium,2,No
PRJ_0851,Road,Oran,46,47,2848.83,61.7,524,Low,High,Low,No,Medium,1,No
PRJ_0852,Housing,Alger,22,78,2239.15,47.46,92,Medium,Low,Medium,No,Medium,0,No
PRJ_0853,Road,Tlemcen,29,93,3996.19,97.01,268,Medium,High,Medium,Yes,Medium,1,No
PRJ_0854,Housing,Blida,26,24,3634.95,105.56,530,Medium,High,Medium,Yes,Medium,0,No
PRJ_0855,Road,Alger,44,99,3467.51,109.95,622,Medium,High,Low,No,Low,0,No
PRJ_0856,Road,Ouargla,46,72,1735.7,128.29,235,High,High,High,Yes,Low,1,Yes
PRJ_0857,Road,Blida,44,48,4034.57,104.95,621,Low,Medium,Low,No,Low,0,No
PRJ_0858,Bridge,Constantine,18,27,309.34,82.17,560,High,Medium,Low,No,Medium,0,No
PRJ_0859,Pipeline,Mostaganem,16,6,840.14,50.71,239,High,High,Low,No,Low,0,No
PRJ_0860,Road,Tlemcen,24,26,1711.34,75.35,746,Medium,Medium,Low,Yes,Medium,0,Yes
PRJ_0861,Housing,Batna,16,61,430.2,14.93,240,Medium,Low,Medium,No,Low,1,No
PRJ_0862,Bridge,Djelfa,18,76,1213.22,99.38,408,High,High,Medium,Yes,High,3,Yes
PRJ_0863,Bridge,Bejaia,6,11,4159.25,63.51,573,Low,Medium,High,No,Low,0,No
PRJ_0864,Bridge,Bejaia,45,82,4743.85,12.4,666,Medium,High,High,No,Low,0,Yes
PRJ_0865,Building,Bejaia,24,60,1557.78,17.5,61,Medium,High,Medium,No,High,0,No
PRJ_0866,Pipeline,Oran,17,71,1359.35,56.5,695,Medium,High,Medium,Yes,Medium,1,No
PRJ_0867,Road,Constantine,13,20,1435.47,80.01,302,High,High,Low,No,High,0,Yes
PRJ_0868,Road,Tlemcen,13,87,1424.71,65.7,77,High,High,Medium,No,Low,2,No
PRJ_0869,Housing,Blida,17,55,227.85,84.3,556,High,High,Low,No,Low,0,No
PRJ_0870,Industrial Site,Oran,38,86,4638.24,67.64,92,Low,Medium,Low,Yes,Medium,0,No
PRJ_0871,Building,Constantine,31,84,1107.81,89.4,148,Low,Medium,Low,No,High,5,Yes
PRJ_0872,Building,Djelfa,44,76,2129.02,36.3,618,Medium,High,Low,No,Low,1,No
PRJ_0873,Pipeline,Ouargla,33,16,97.95,23.54,445,Low,High,Medium,No,High,2,Yes
PRJ_0874,Building,Tlemcen,10,57,4296.88,81.57,684,Medium,Medium,High,Yes,Medium,1,No
PRJ_0875,Road,Bejaia,13,79,3669.23,68.16,713,Medium,Low,Low,Yes,High,1,Yes
PRJ_0876,Road,Alger,30,9,4736.44,13.22,144,Medium,Medium,High,Yes,Medium,1,Yes
PRJ_0877,Pipeline,Batna,32,31,3919.0,55.66,86,Medium,Low,Medium,No,Low,2,Yes
PRJ_0878,Pipeline,Tlemcen,28,16,1602.85,22.74,25,Medium,High,Medium,No,High,3,Yes
PRJ_0879,Road,Annaba,35,21,1276.97,73.76,656,Low,High,Medium,Yes,High,1,Yes
PRJ_0880,Building,Mostaganem,28,10,3503.7,57.49,333,Medium,Low,Low,No,Medium,0,No
PRJ_0881,Building,Constantine,25,9,1852.36,83.58,345,Medium,Medium,High,No,Low,0,No
PRJ_0882,Pipeline,Setif,23,61,2852.76,106.67,584,Medium,Low,Medium,No,Low,2,No
PRJ_0883,Road,Djelfa,23,32,80.97,45.96,597,High,High,High,Yes,Medium,2,Yes
PRJ_0884,Road,Ouargla,7,82,356.33,125.45,525,High,Medium,Medium,No,Low,1,No
PRJ_0885,Housing,Djelfa,9,73,2700.07,74.28,101,High,Medium,High,No,Medium,1,No
PRJ_0886,Road,Tlemcen,35,63,2852.05,84.19,618,Medium,Medium,Medium,Yes,Low,3,No
PRJ_0887,Pipeline,Setif,38,37,3769.69,91.68,21,Low,Low,Low,No,Medium,0,Yes
PRJ_0888,Building,Annaba,41,66,703.23,90.01,223,Medium,Medium,Low,No,Low,0,No
PRJ_0889,Road,Blida,23,54,2590.26,71.32,681,High,Low,Low,Yes,Medium,1,No
PRJ_0890,Building,Alger,42,23,1012.52,61.45,423,Medium,Medium,Medium,Yes,Medium,1,Yes
PRJ_0891,Housing,Setif,24,90,511.32,16.45,122,High,Low,Low,Yes,Medium,1,Yes
PRJ_0892,Housing,Constantine,33,73,2081.95,12.65,555,Medium,Medium,High,No,Medium,0,No
PRJ_0893,Housing,Bejaia,45,70,858.52,52.96,387,High,High,Medium,No,Low,2,No
PRJ_0894,Building,Annaba,25,98,1147.82,50.04,231,High,High,High,Yes,Medium,0,Yes
PRJ_0895,Pipeline,Alger,38,51,1621.9,56.52,596,Low,High,High,No,High,1,Yes
PRJ_0896,Road,Batna,17,43,1333.97,26.6,228,Medium,High,Medium,Yes,Medium,1,No
PRJ_0897,Building,Ouargla,20,72,483.58,98.58,782,Medium,Low,High,Yes,High,1,Yes
PRJ_0898,Housing,Bejaia,46,37,495.09,112.84,136,Medium,Low,Medium,No,Medium,2,Yes
PRJ_0899,Road,Tlemcen,44,17,1006.58,122.65,647,Medium,Medium,High,Yes,Medium,1,Yes
PRJ_0900,Road,Setif,7,88,300.27,69.08,768,Medium,High,Low,Yes,Low,2,Yes
PRJ_0901,Road,Alger,34,58,3150.96,94.1,497,Low,High,Low,No,Medium,0,Yes
PRJ_0902,Road,Mostaganem,46,11,1472.27,112.67,124,Medium,Low,Low,No,Medium,0,Yes
PRJ_0903,Road,Oran,15,83,1434.74,60.19,514,Medium,Medium,Medium,No,Low,2,No
PRJ_0904,Pipeline,Mostaganem,7,91,1693.39,47.13,790,Low,Medium,Medium,No,Medium,0,No
PRJ_0905,Bridge,Blida,16,18,3330.84,122.41,65,Medium,High,Medium,No,Low,1,No
PRJ_0906,Housing,Mostaganem,18,91,4359.64,71.88,350,Medium,Medium,Low,No,Medium,1,No
PRJ_0907,Housing,Batna,15,23,3807.48,69.67,235,High,Low,High,Yes,Medium,4,Yes
PRJ_0908,Building,Blida,19,58,3651.27,31.41,511,Low,Medium,Medium,Yes,Medium,1,No
PRJ_0909,Building,Annaba,23,97,2447.74,22.98,468,High,Medium,Low,No,High,0,No
PRJ_0910,Building,Ouargla,14,24,3484.34,111.05,555,Medium,High,Medium,No,Medium,0,Yes
PRJ_0911,Pipeline,Annaba,44,33,2786.17,83.7,530,Low,Low,Medium,No,Medium,2,Yes
PRJ_0912,Building,Oran,33,28,1120.44,49.1,477,Medium,High,High,Yes,Low,1,No
PRJ_0913,Pipeline,Constantine,8,86,1082.51,33.01,566,Medium,Medium,Medium,No,High,0,No
PRJ_0914,Building,Ouargla,25,67,1517.14,76.66,555,Medium,High,Low,No,Medium,1,No
PRJ_0915,Pipeline,Mostaganem,11,78,4558.47,80.07,559,Medium,High,Low,Yes,Medium,0,No
PRJ_0916,Bridge,Djelfa,32,61,2759.7,34.84,503,Medium,Low,Medium,No,Low,5,No
PRJ_0917,Building,Constantine,7,12,3682.83,112.17,35,Low,Low,High,Yes,Medium,2,Yes
PRJ_0918,Industrial Site,Ouargla,34,94,1765.47,20.11,590,Low,High,Low,Yes,Low,1,Yes
PRJ_0919,Housing,Ouargla,43,66,2068.19,52.73,262,High,Low,High,Yes,Medium,0,Yes
PRJ_0920,Road,Oran,8,33,671.55,91.65,226,Medium,High,Medium,No,High,1,No
PRJ_0921,Housing,Tlemcen,21,78,897.91,42.89,290,Medium,High,High,No,Medium,0,No
PRJ_0922,Bridge,Mostaganem,35,21,4145.41,109.32,780,High,High,Low,Yes,Medium,1,Yes
PRJ_0923,Housing,Oran,45,70,2944.95,98.78,798,Medium,Medium,High,No,Medium,1,Yes
PRJ_0924,Housing,Ouargla,7,10,1720.79,104.68,724,High,Medium,High,No,Medium,2,No
PRJ_0925,Bridge,Alger,22,62,4024.11,24.29,749,Medium,Medium,High,No,Medium,1,No
PRJ_0926,Road,Constantine,46,73,1270.27,26.87,134,Low,Low,Low,No,Medium,0,No
PRJ_0927,Building,Oran,17,32,4881.36,44.38,599,High,High,Low,No,Low,0,No
PRJ_0928,Bridge,Tlemcen,40,66,1756.85,72.17,318,Medium,High,Medium,No,Low,2,No
PRJ_0929,Pipeline,Setif,48,45,1719.69,99.76,502,High,Medium,Low,No,Medium,0,No
PRJ_0930,Building,Annaba,6,73,1593.96,110.38,416,Medium,High,Low,No,Medium,0,No
PRJ_0931,Road,Ouargla,20,86,654.45,94.52,413,Medium,Low,Low,No,Low,1,No
PRJ_0932,Housing,Mostaganem,31,94,600.13,121.43,94,High,Medium,Medium,No,Medium,0,No
PRJ_0933,Industrial Site,Djelfa,42,88,3258.12,98.65,501,Low,High,Medium,No,Low,1,No
PRJ_0934,Bridge,Setif,26,45,4381.83,46.75,122,High,High,Low,No,Low,1,No
PRJ_0935,Road,Blida,36,53,3963.08,41.81,316,Medium,Medium,Low,No,Medium,3,No
PRJ_0936,Building,Bejaia,30,95,748.48,93.54,197,Medium,High,Medium,No,Medium,1,No
PRJ_0937,Road,Tlemcen,28,53,2750.63,33.14,234,Medium,Medium,Medium,No,Medium,0,No
PRJ_0938,Industrial Site,Djelfa,29,80,572.68,21.13,334,High,Medium,Low,No,Medium,1,No
PRJ_0939,Road,Bejaia,43,75,274.21,73.87,58,Low,Medium,Low,No,High,1,Yes
PRJ_0940,Pipeline,Tlemcen,33,7,3299.11,108.6,278,Medium,High,High,No,Medium,0,Yes
PRJ_0941,Building,Mostaganem,26,14,2699.0,22.17,735,High,Low,High,Yes,Low,1,Yes
PRJ_0942,Pipeline,Alger,48,93,456.02,105.03,26,High,Medium,High,No,Medium,2,No
PRJ_0943,Pipeline,Mostaganem,23,39,222.95,107.39,68,Low,Medium,High,Yes,Low,2,Yes
PRJ_0944,Housing,Annaba,41,84,4949.29,67.87,557,Medium,High,Low,No,High,2,No
PRJ_0945,Road,Setif,40,6,198.61,16.88,180,Medium,Medium,Medium,Yes,Low,0,Yes
PRJ_0946,Road,Constantine,14,28,2250.41,30.95,195,Medium,Medium,Low,No,Medium,1,No
PRJ_0947,Road,Tlemcen,43,78,2547.86,94.89,610,Medium,Low,Medium,No,Low,1,No
PRJ_0948,Industrial Site,Mostaganem,35,42,630.54,95.41,21,Medium,Medium,Low,No,High,2,No
PRJ_0949,Housing,Constantine,39,26,886.86,117.8,474,Low,High,Medium,No,Low,1,No
PRJ_0950,Pipeline,Annaba,37,30,1791.43,79.92,663,High,Medium,Medium,No,High,0,No
PRJ_0951,Pipeline,Ouargla,8,47,3820.3,24.89,295,High,High,Low,No,Low,0,No
PRJ_0952,Pipeline,Blida,8,59,2560.06,24.57,517,Medium,Low,Medium,No,Low,2,No
PRJ_0953,Road,Setif,33,43,3207.61,96.54,648,Medium,High,Low,No,Low,0,No
PRJ_0954,Industrial Site,Annaba,20,95,4926.61,32.05,695,Medium,Medium,Low,Yes,High,2,Yes
PRJ_0955,Building,Annaba,46,33,3851.63,49.41,47,Medium,Low,Low,No,High,1,Yes
PRJ_0956,Building,Mostaganem,28,24,2200.09,68.47,352,High,Medium,Low,Yes,Low,1,No
PRJ_0957,Bridge,Alger,45,95,2259.89,12.97,20,Medium,High,Low,No,Low,1,No
PRJ_0958,Road,Bejaia,16,45,3112.92,39.86,207,Medium,High,High,No,Medium,3,Yes
PRJ_0959,Road,Blida,37,58,3343.56,58.95,75,Medium,Medium,Low,No,Low,0,No
PRJ_0960,Housing,Setif,41,24,2528.52,43.56,566,Medium,High,Medium,No,Low,5,No
PRJ_0961,Road,Ouargla,38,23,3242.06,26.36,131,Low,Low,Low,No,Low,1,Yes
PRJ_0962,Pipeline,Ouargla,29,88,166.49,97.36,329,Low,Low,Medium,No,Low,2,No
PRJ_0963,Building,Oran,44,70,2176.63,107.58,55,Low,Medium,Medium,No,Low,0,Yes
PRJ_0964,Building,Annaba,39,34,1430.74,40.9,458,Medium,Medium,Medium,Yes,Low,1,No
PRJ_0965,Building,Tlemcen,33,57,689.41,102.93,748,High,High,Medium,No,Medium,1,No
PRJ_0966,Building,Alger,42,38,542.76,56.27,611,High,Medium,High,Yes,High,0,Yes
PRJ_0967,Pipeline,Blida,12,26,3035.8,70.8,614,Medium,Low,High,Yes,Low,5,Yes
PRJ_0968,Building,Mostaganem,9,71,2641.82,112.72,596,Low,Medium,Medium,Yes,Medium,2,No
PRJ_0969,Pipeline,Ouargla,42,10,1305.24,99.99,344,Low,Low,Low,No,Low,2,Yes
PRJ_0970,Bridge,Setif,6,83,2381.2,106.61,659,Medium,Low,Medium,No,Medium,0,No
PRJ_0971,Pipeline,Oran,6,31,2486.55,26.42,326,Medium,Medium,Medium,No,Low,1,Yes
PRJ_0972,Industrial Site,Setif,25,14,1015.29,18.37,553,Medium,Medium,Medium,No,Medium,2,No
PRJ_0973,Housing,Alger,24,77,3277.86,117.21,747,Low,Medium,High,No,Low,2,No
PRJ_0974,Road,Tlemcen,34,100,3915.55,56.54,638,Low,Medium,Medium,No,High,0,Yes
PRJ_0975,Road,Oran,15,52,3967.74,44.55,128,Low,Low,High,No,Low,4,Yes
PRJ_0976,Building,Oran,23,74,3032.23,96.96,391,Low,Low,Low,No,Medium,0,No
PRJ_0977,Pipeline,Bejaia,33,63,2582.61,110.37,376,High,Medium,Low,Yes,High,0,Yes
PRJ_0978,Road,Blida,40,63,351.99,113.5,200,Low,Low,Low,No,Medium,1,No
PRJ_0979,Bridge,Oran,48,6,1474.76,47.92,375,Medium,Medium,High,No,Medium,0,No
PRJ_0980,Pipeline,Batna,36,33,511.69,112.27,695,Medium,Low,High,Yes,High,1,Yes
PRJ_0981,Building,Bejaia,32,72,4820.92,14.91,87,High,Medium,Medium,No,Low,2,Yes
PRJ_0982,Housing,Bejaia,16,69,718.65,15.96,311,High,Low,Medium,No,Low,2,No
PRJ_0983,Road,Alger,43,87,801.29,84.82,711,High,Low,Medium,Yes,High,1,Yes
PRJ_0984,Road,Batna,10,30,4453.4,17.57,200,Low,Medium,High,No,Low,0,Yes
PRJ_0985,Housing,Constantine,13,93,4722.45,48.95,485,Medium,High,High,No,High,1,Yes
PRJ_0986,Bridge,Setif,39,14,3840.85,90.73,453,High,Low,Medium,No,Low,1,Yes
PRJ_0987,Pipeline,Tlemcen,17,57,76.75,50.47,483,Low,Medium,Medium,No,Medium,3,No
PRJ_0988,Bridge,Djelfa,43,83,56.66,31.55,700,Medium,High,Low,No,Medium,1,No
PRJ_0989,Building,Setif,6,63,1921.6,43.76,553,High,Medium,Medium,No,High,0,No
PRJ_0990,Housing,Oran,36,26,759.81,64.91,85,Medium,High,Low,No,Medium,2,No
PRJ_0991,Housing,Tlemcen,9,55,141.01,67.05,40,Low,Low,Low,No,Low,2,No
PRJ_0992,Pipeline,Ouargla,10,52,2347.13,103.96,631,Low,High,High,Yes,Medium,3,No
PRJ_0993,Building,Constantine,35,25,4718.16,100.02,403,Medium,Medium,Medium,No,Low,1,No
PRJ_0994,Pipeline,Ouargla,29,26,1652.91,64.82,634,Low,Medium,High,Yes,Medium,1,Yes
PRJ_0995,Building,Batna,8,34,3322.65,111.48,578,Medium,High,Low,No,High,0,No
PRJ_0996,Road,Ouargla,16,29,3278.56,23.71,58,High,Medium,Medium,Yes,Medium,0,No
PRJ_0997,Industrial Site,Mostaganem,9,32,1292.85,40.64,304,Low,Medium,Low,No,Medium,1,No
PRJ_0998,Road,Blida,31,69,3269.6,109.36,621,High,High,Low,No,Low,3,No
PRJ_0999,Industrial Site,Setif,32,49,1101.05,55.36,616,Medium,Medium,Low,No,Medium,0,Yes
PRJ_1000,Bridge,Djelfa,48,72,653.94,127.74,355,Low,Low,Low,Yes,Medium,1,Yes
